t,group_regret
1,0.0
2,7.222222222222223
3,7.222222222222223
4,7.222222222222223
5,8.222222222222223
6,8.222222222222223
7,8.222222222222223
8,21.555555555555557
9,21.555555555555557
10,21.555555555555557
11,21.555555555555557
12,21.555555555555557
13,21.555555555555557
14,28.22222222222223
15,28.22222222222223
16,28.22222222222223
17,28.44444444444445
18,28.44444444444445
19,28.44444444444445
20,28.44444444444445
21,28.44444444444445
22,28.44444444444445
23,28.555555555555557
24,28.555555555555557
25,28.555555555555557
26,33.0
27,33.0
28,33.0
29,33.55555555555556
30,33.55555555555556
31,33.55555555555556
32,53.55555555555556
33,53.55555555555556
34,53.55555555555556
35,54.111111111111114
36,54.111111111111114
37,54.111111111111114
38,65.22222222222223
39,65.22222222222223
40,65.22222222222223
41,65.33333333333334
42,65.33333333333334
43,65.33333333333334
44,83.11111111111113
45,83.11111111111113
46,83.11111111111113
47,83.11111111111113
48,83.11111111111113
49,83.11111111111113
50,83.11111111111113
51,83.11111111111113
52,83.11111111111113
53,83.11111111111113
54,83.11111111111113
55,83.11111111111113
56,83.11111111111113
57,83.11111111111113
58,83.11111111111113
59,83.55555555555557
60,83.55555555555557
61,83.55555555555557
62,83.55555555555557
63,83.55555555555557
64,83.55555555555557
65,83.66666666666669
66,83.66666666666669
67,83.66666666666669
68,85.88888888888887
69,85.88888888888887
70,85.88888888888887
71,85.88888888888887
72,85.88888888888887
73,85.88888888888887
74,85.88888888888887
75,85.88888888888887
76,85.88888888888887
77,86.44444444444444
78,86.44444444444444
79,86.44444444444444
80,97.55555555555554
81,97.55555555555554
82,97.55555555555554
83,98.33333333333331
84,98.33333333333331
85,98.33333333333331
86,107.22222222222219
87,107.22222222222219
88,107.22222222222219
89,107.3333333333333
90,107.3333333333333
91,107.3333333333333
92,107.3333333333333
93,107.3333333333333
94,107.3333333333333
95,107.3333333333333
96,107.3333333333333
97,107.3333333333333
98,107.3333333333333
99,107.3333333333333
100,107.3333333333333
101,107.55555555555553
102,107.55555555555553
103,107.55555555555553
104,112.0
105,112.0
106,112.0
107,112.0
108,112.0
109,112.0
110,112.0
111,112.0
112,112.0
113,112.0
114,112.0
115,112.0
116,112.0
117,112.0
118,112.0
119,112.11111111111111
120,112.11111111111111
121,112.11111111111111
122,112.11111111111111
123,112.11111111111111
124,112.11111111111111
125,112.44444444444444
126,112.44444444444444
127,112.44444444444444
128,123.55555555555557
129,123.55555555555557
130,123.55555555555557
131,123.55555555555557
132,123.55555555555557
133,123.55555555555557
134,123.55555555555557
135,123.55555555555557
136,123.55555555555557
137,123.55555555555557
138,123.55555555555557
139,123.55555555555557
140,123.55555555555557
141,123.55555555555557
142,123.55555555555557
143,123.55555555555557
144,123.55555555555557
145,123.55555555555557
146,123.55555555555557
147,123.55555555555557
148,123.55555555555557
149,123.55555555555557
150,123.55555555555557
151,123.55555555555557
152,123.55555555555557
153,123.55555555555557
154,123.55555555555557
155,123.55555555555557
156,123.55555555555557
157,123.55555555555557
158,123.55555555555557
159,123.55555555555557
160,123.55555555555557
161,123.55555555555557
162,123.55555555555557
163,123.55555555555557
164,123.55555555555557
165,123.55555555555557
166,123.55555555555557
167,123.66666666666667
168,123.66666666666667
169,123.66666666666667
170,125.88888888888893
171,125.88888888888893
172,125.88888888888893
173,126.00000000000004
174,126.00000000000004
175,126.00000000000004
176,128.2222222222222
177,128.2222222222222
178,128.2222222222222
179,128.2222222222222
180,128.2222222222222
181,128.2222222222222
182,128.2222222222222
183,128.2222222222222
184,128.2222222222222
185,128.2222222222222
186,128.2222222222222
187,128.2222222222222
188,128.2222222222222
189,128.2222222222222
190,128.2222222222222
191,128.2222222222222
192,128.2222222222222
193,128.2222222222222
194,128.2222222222222
195,128.2222222222222
196,128.2222222222222
197,128.44444444444443
198,128.44444444444443
199,128.44444444444443
200,132.88888888888889
201,132.88888888888889
202,132.88888888888889
203,133.11111111111111
204,133.11111111111111
205,133.11111111111111
206,139.77777777777774
207,139.77777777777774
208,139.77777777777774
209,139.99999999999997
210,139.99999999999997
211,139.99999999999997
212,144.44444444444446
213,144.44444444444446
214,144.44444444444446
215,144.44444444444446
216,144.44444444444446
217,144.44444444444446
218,144.44444444444446
219,144.44444444444446
220,144.44444444444446
221,144.44444444444446
222,144.44444444444446
223,144.44444444444446
224,144.44444444444446
225,144.44444444444446
226,144.44444444444446
227,144.44444444444446
228,144.44444444444446
229,144.44444444444446
230,144.44444444444446
231,144.44444444444446
232,144.44444444444446
233,144.44444444444446
234,144.44444444444446
235,144.44444444444446
236,144.44444444444446
237,144.44444444444446
238,144.44444444444446
239,144.55555555555557
240,144.55555555555557
241,144.55555555555557
242,146.7777777777778
243,146.7777777777778
244,146.7777777777778
245,146.8888888888889
246,146.8888888888889
247,146.8888888888889
248,149.11111111111111
249,149.11111111111111
250,149.11111111111111
251,149.11111111111111
252,149.11111111111111
253,149.11111111111111
254,149.11111111111111
255,149.11111111111111
256,149.11111111111111
257,149.11111111111111
258,149.11111111111111
259,149.11111111111111
260,149.11111111111111
261,149.11111111111111
262,149.11111111111111
263,149.11111111111111
264,149.11111111111111
265,149.11111111111111
266,149.11111111111111
267,149.11111111111111
268,149.11111111111111
269,149.11111111111111
270,149.11111111111111
271,149.11111111111111
272,149.11111111111111
273,149.11111111111111
274,149.11111111111111
275,149.11111111111111
276,149.11111111111111
277,149.11111111111111
278,149.11111111111111
279,149.11111111111111
280,149.11111111111111
281,149.11111111111111
282,149.11111111111111
283,149.11111111111111
284,149.11111111111111
285,149.11111111111111
286,149.11111111111111
287,149.22222222222223
288,149.22222222222223
289,149.22222222222223
290,151.44444444444443
291,151.44444444444443
292,151.44444444444443
293,151.44444444444443
294,151.44444444444443
295,151.44444444444443
296,151.44444444444443
297,151.44444444444443
298,151.44444444444443
299,151.55555555555554
300,151.55555555555554
301,151.55555555555554
302,153.77777777777771
303,153.77777777777771
304,153.77777777777771
305,153.88888888888886
306,153.88888888888886
307,153.88888888888886
308,158.3333333333333
309,158.3333333333333
310,158.3333333333333
311,158.55555555555551
312,158.55555555555551
313,158.55555555555551
314,162.99999999999997
315,162.99999999999997
316,162.99999999999997
317,162.99999999999997
318,162.99999999999997
319,162.99999999999997
320,162.99999999999997
321,162.99999999999997
322,162.99999999999997
323,163.66666666666666
324,163.66666666666666
325,163.66666666666666
326,170.33333333333334
327,170.33333333333334
328,170.33333333333334
329,170.33333333333334
330,170.33333333333334
331,170.33333333333334
332,170.33333333333334
333,170.33333333333334
334,170.33333333333334
335,170.33333333333334
336,170.33333333333334
337,170.33333333333334
338,170.33333333333334
339,170.33333333333334
340,170.33333333333334
341,170.33333333333334
342,170.33333333333334
343,170.33333333333334
344,170.33333333333334
345,170.33333333333334
346,170.33333333333334
347,170.33333333333334
348,170.33333333333334
349,170.33333333333334
350,170.33333333333334
351,170.33333333333334
352,170.33333333333334
353,170.33333333333334
354,170.33333333333334
355,170.33333333333334
356,170.33333333333334
357,170.33333333333334
358,170.33333333333334
359,170.33333333333334
360,170.33333333333334
361,170.33333333333334
362,170.33333333333334
363,170.33333333333334
364,170.33333333333334
365,170.33333333333334
366,170.33333333333334
367,170.33333333333334
368,170.33333333333334
369,170.33333333333334
370,170.33333333333334
371,170.33333333333334
372,170.33333333333334
373,170.33333333333334
374,170.33333333333334
375,170.33333333333334
376,170.33333333333334
377,170.33333333333334
378,170.33333333333334
379,170.33333333333334
380,170.33333333333334
381,170.33333333333334
382,170.33333333333334
383,170.33333333333334
384,170.33333333333334
385,170.33333333333334
386,170.33333333333334
387,170.33333333333334
388,170.33333333333334
389,170.33333333333334
390,170.33333333333334
391,170.33333333333334
392,170.33333333333334
393,170.33333333333334
394,170.33333333333334
395,170.33333333333334
396,170.33333333333334
397,170.33333333333334
398,170.33333333333334
399,170.33333333333334
400,170.33333333333334
401,170.33333333333334
402,170.33333333333334
403,170.33333333333334
404,170.33333333333334
405,170.33333333333334
406,170.33333333333334
407,170.33333333333334
408,170.33333333333334
409,170.33333333333334
410,170.33333333333334
411,170.33333333333334
412,170.33333333333334
413,170.33333333333334
414,170.33333333333334
415,170.33333333333334
416,170.33333333333334
417,170.33333333333334
418,170.33333333333334
419,170.33333333333334
420,170.33333333333334
421,170.33333333333334
422,170.33333333333334
423,170.33333333333334
424,170.33333333333334
425,170.33333333333334
426,170.33333333333334
427,170.33333333333334
428,170.33333333333334
429,170.33333333333334
430,170.33333333333334
431,170.33333333333334
432,170.33333333333334
433,170.33333333333334
434,170.33333333333334
435,170.33333333333334
436,170.33333333333334
437,170.33333333333334
438,170.33333333333334
439,170.33333333333334
440,170.33333333333334
441,170.33333333333334
442,170.33333333333334
443,170.33333333333334
444,170.33333333333334
445,170.33333333333334
446,170.33333333333334
447,170.33333333333334
448,170.33333333333334
449,170.33333333333334
450,170.33333333333334
451,170.33333333333334
452,170.33333333333334
453,170.33333333333334
454,170.33333333333334
455,170.33333333333334
456,170.33333333333334
457,170.33333333333334
458,170.33333333333334
459,170.33333333333334
460,170.33333333333334
461,170.33333333333334
462,170.33333333333334
463,170.33333333333334
464,170.33333333333334
465,170.33333333333334
466,170.33333333333334
467,170.33333333333334
468,170.33333333333334
469,170.33333333333334
470,170.33333333333334
471,170.33333333333334
472,170.33333333333334
473,170.33333333333334
474,170.33333333333334
475,170.33333333333334
476,170.33333333333334
477,170.33333333333334
478,170.33333333333334
479,170.33333333333334
480,170.33333333333334
481,170.33333333333334
482,170.33333333333334
483,170.33333333333334
484,170.33333333333334
485,170.33333333333334
486,170.33333333333334
487,170.33333333333334
488,170.33333333333334
489,170.33333333333334
490,170.33333333333334
491,170.33333333333334
492,170.33333333333334
493,170.33333333333334
494,170.33333333333334
495,170.33333333333334
496,170.33333333333334
497,170.33333333333334
498,170.33333333333334
499,170.33333333333334
500,170.33333333333334
501,170.33333333333334
502,170.33333333333334
503,170.33333333333334
504,170.33333333333334
505,170.33333333333334
506,170.33333333333334
507,170.33333333333334
508,170.33333333333334
509,170.33333333333334
510,170.33333333333334
511,170.33333333333334
512,170.33333333333334
513,170.33333333333334
514,170.33333333333334
515,170.33333333333334
516,170.33333333333334
517,170.33333333333334
518,170.33333333333334
519,170.33333333333334
520,170.33333333333334
521,170.33333333333334
522,170.33333333333334
523,170.33333333333334
524,170.33333333333334
525,170.33333333333334
526,170.33333333333334
527,170.33333333333334
528,170.33333333333334
529,170.33333333333334
530,170.33333333333334
531,170.33333333333334
532,170.33333333333334
533,170.33333333333334
534,170.33333333333334
535,170.33333333333334
536,170.33333333333334
537,170.33333333333334
538,170.33333333333334
539,170.33333333333334
540,170.33333333333334
541,170.33333333333334
542,170.33333333333334
543,170.33333333333334
544,170.33333333333334
545,170.33333333333334
546,170.33333333333334
547,170.33333333333334
548,170.33333333333334
549,170.33333333333334
550,170.33333333333334
551,170.33333333333334
552,170.33333333333334
553,170.33333333333334
554,171.11111111111111
555,171.11111111111111
556,171.11111111111111
557,171.11111111111111
558,171.11111111111111
559,171.11111111111111
560,171.11111111111111
561,171.11111111111111
562,171.11111111111111
563,171.11111111111111
564,171.11111111111111
565,171.11111111111111
566,171.11111111111111
567,171.11111111111111
568,171.11111111111111
569,171.11111111111111
570,171.11111111111111
571,171.11111111111111
572,171.11111111111111
573,171.11111111111111
574,171.11111111111111
575,171.11111111111111
576,171.11111111111111
577,171.11111111111111
578,171.11111111111111
579,171.11111111111111
580,171.11111111111111
581,171.11111111111111
582,171.11111111111111
583,171.11111111111111
584,171.11111111111111
585,171.11111111111111
586,171.11111111111111
587,171.11111111111111
588,171.11111111111111
589,171.11111111111111
590,171.11111111111111
591,171.11111111111111
592,171.11111111111111
593,171.11111111111111
594,171.11111111111111
595,171.11111111111111
596,171.11111111111111
597,171.11111111111111
598,171.11111111111111
599,171.11111111111111
600,171.11111111111111
601,171.11111111111111
602,171.11111111111111
603,171.11111111111111
604,171.11111111111111
605,171.11111111111111
606,171.11111111111111
607,171.11111111111111
608,171.11111111111111
609,171.11111111111111
610,171.11111111111111
611,171.11111111111111
612,171.11111111111111
613,171.11111111111111
614,171.11111111111111
615,171.11111111111111
616,171.11111111111111
617,171.11111111111111
618,171.11111111111111
619,171.11111111111111
620,171.11111111111111
621,171.11111111111111
622,171.11111111111111
623,171.11111111111111
624,171.11111111111111
625,171.11111111111111
626,171.11111111111111
627,171.11111111111111
628,171.11111111111111
629,171.11111111111111
630,171.11111111111111
631,171.11111111111111
632,171.11111111111111
633,171.11111111111111
634,171.11111111111111
635,171.11111111111111
636,171.11111111111111
637,171.11111111111111
638,171.11111111111111
639,171.11111111111111
640,171.11111111111111
641,171.11111111111111
642,171.11111111111111
643,171.11111111111111
644,171.11111111111111
645,171.11111111111111
646,171.11111111111111
647,171.11111111111111
648,171.11111111111111
649,171.11111111111111
650,171.11111111111111
651,171.11111111111111
652,171.11111111111111
653,171.11111111111111
654,171.11111111111111
655,171.11111111111111
656,171.11111111111111
657,171.11111111111111
658,171.11111111111111
659,171.11111111111111
660,171.11111111111111
661,171.11111111111111
662,171.11111111111111
663,171.11111111111111
664,171.11111111111111
665,171.11111111111111
666,171.11111111111111
667,171.11111111111111
668,171.11111111111111
669,171.11111111111111
670,171.11111111111111
671,171.11111111111111
672,171.11111111111111
673,171.11111111111111
674,171.11111111111111
675,171.11111111111111
676,171.11111111111111
677,171.11111111111111
678,171.11111111111111
679,171.11111111111111
680,171.11111111111111
681,171.11111111111111
682,171.11111111111111
683,171.11111111111111
684,171.11111111111111
685,171.11111111111111
686,171.11111111111111
687,171.11111111111111
688,171.11111111111111
689,171.11111111111111
690,171.11111111111111
691,171.11111111111111
692,171.11111111111111
693,171.11111111111111
694,171.11111111111111
695,171.11111111111111
696,171.11111111111111
697,171.11111111111111
698,171.11111111111111
699,171.11111111111111
700,171.11111111111111
701,171.11111111111111
702,171.11111111111111
703,171.11111111111111
704,171.11111111111111
705,171.11111111111111
706,171.11111111111111
707,171.11111111111111
708,171.11111111111111
709,171.11111111111111
710,171.11111111111111
711,171.11111111111111
712,171.11111111111111
713,171.11111111111111
714,171.11111111111111
715,171.11111111111111
716,171.11111111111111
717,171.11111111111111
718,171.11111111111111
719,171.11111111111111
720,171.11111111111111
721,171.11111111111111
722,171.11111111111111
723,171.11111111111111
724,171.11111111111111
725,171.11111111111111
726,171.11111111111111
727,171.11111111111111
728,171.11111111111111
729,171.11111111111111
730,171.11111111111111
731,171.11111111111111
732,171.11111111111111
733,171.11111111111111
734,171.11111111111111
735,171.11111111111111
736,171.11111111111111
737,171.11111111111111
738,171.11111111111111
739,171.11111111111111
740,171.11111111111111
741,171.11111111111111
742,171.11111111111111
743,171.11111111111111
744,171.11111111111111
745,171.11111111111111
746,171.11111111111111
747,171.11111111111111
748,171.11111111111111
749,171.11111111111111
750,171.11111111111111
751,171.11111111111111
752,171.11111111111111
753,171.11111111111111
754,171.11111111111111
755,171.11111111111111
756,171.11111111111111
757,171.11111111111111
758,171.11111111111111
759,171.11111111111111
760,171.11111111111111
761,171.11111111111111
762,171.11111111111111
763,171.11111111111111
764,171.11111111111111
765,171.11111111111111
766,171.11111111111111
767,171.11111111111111
768,171.11111111111111
769,171.11111111111111
770,171.11111111111111
771,171.11111111111111
772,171.11111111111111
773,171.11111111111111
774,171.11111111111111
775,171.11111111111111
776,171.11111111111111
777,171.11111111111111
778,171.11111111111111
779,171.11111111111111
780,171.11111111111111
781,171.11111111111111
782,171.11111111111111
783,171.11111111111111
784,171.11111111111111
785,171.11111111111111
786,171.11111111111111
787,171.11111111111111
788,171.11111111111111
789,171.11111111111111
790,171.11111111111111
791,171.11111111111111
792,171.11111111111111
793,171.11111111111111
794,171.11111111111111
795,171.11111111111111
796,171.11111111111111
797,171.11111111111111
798,171.11111111111111
799,171.11111111111111
800,171.11111111111111
801,171.11111111111111
802,171.11111111111111
803,171.11111111111111
804,171.11111111111111
805,171.11111111111111
806,171.11111111111111
807,171.11111111111111
808,171.11111111111111
809,171.11111111111111
810,171.11111111111111
811,171.11111111111111
812,171.11111111111111
813,171.11111111111111
814,171.11111111111111
815,171.11111111111111
816,171.11111111111111
817,171.11111111111111
818,171.11111111111111
819,171.11111111111111
820,171.11111111111111
821,171.11111111111111
822,171.11111111111111
823,171.11111111111111
824,171.11111111111111
825,171.11111111111111
826,171.11111111111111
827,171.11111111111111
828,171.11111111111111
829,171.11111111111111
830,171.11111111111111
831,171.11111111111111
832,171.11111111111111
833,171.11111111111111
834,171.11111111111111
835,171.11111111111111
836,171.11111111111111
837,171.11111111111111
838,171.11111111111111
839,171.11111111111111
840,171.11111111111111
841,171.11111111111111
842,171.11111111111111
843,171.11111111111111
844,171.11111111111111
845,171.11111111111111
846,171.11111111111111
847,171.11111111111111
848,171.11111111111111
849,171.11111111111111
850,171.11111111111111
851,171.11111111111111
852,171.11111111111111
853,171.11111111111111
854,171.11111111111111
855,171.11111111111111
856,171.11111111111111
857,171.11111111111111
858,171.11111111111111
859,171.11111111111111
860,171.11111111111111
861,171.11111111111111
862,171.11111111111111
863,171.11111111111111
864,171.11111111111111
865,171.11111111111111
866,171.11111111111111
867,171.11111111111111
868,171.11111111111111
869,171.11111111111111
870,171.11111111111111
871,171.11111111111111
872,171.11111111111111
873,171.11111111111111
874,171.22222222222223
875,171.22222222222223
876,171.22222222222223
877,171.22222222222223
878,171.22222222222223
879,171.22222222222223
880,171.22222222222223
881,171.22222222222223
882,171.22222222222223
883,171.22222222222223
884,171.22222222222223
885,171.22222222222223
886,171.22222222222223
887,171.22222222222223
888,171.22222222222223
889,171.22222222222223
890,171.22222222222223
891,171.22222222222223
892,171.22222222222223
893,171.22222222222223
894,171.22222222222223
895,171.22222222222223
896,171.22222222222223
897,171.22222222222223
898,171.22222222222223
899,171.22222222222223
900,171.22222222222223
901,171.22222222222223
902,171.22222222222223
903,171.22222222222223
904,171.22222222222223
905,171.22222222222223
906,171.22222222222223
907,171.22222222222223
908,171.22222222222223
909,171.22222222222223
910,171.22222222222223
911,171.22222222222223
912,171.22222222222223
913,171.22222222222223
914,171.88888888888889
915,171.88888888888889
916,171.88888888888889
917,171.88888888888889
918,184.55555555555554
919,184.55555555555554
920,184.55555555555554
921,184.55555555555554
922,184.55555555555554
923,184.55555555555554
924,184.55555555555554
925,184.55555555555554
926,184.55555555555554
927,184.55555555555554
928,184.55555555555554
929,184.55555555555554
930,184.55555555555554
931,184.55555555555554
932,184.55555555555554
933,184.55555555555554
934,184.55555555555554
935,184.55555555555554
936,184.55555555555554
937,184.55555555555554
938,184.55555555555554
939,184.55555555555554
940,184.55555555555554
941,184.55555555555554
942,184.55555555555554
943,184.55555555555554
944,184.55555555555554
945,184.55555555555554
946,184.55555555555554
947,184.55555555555554
948,184.55555555555554
949,184.55555555555554
950,184.55555555555554
951,184.55555555555554
952,184.55555555555554
953,184.55555555555554
954,184.55555555555554
955,184.55555555555554
956,184.55555555555554
957,184.55555555555554
958,184.55555555555554
959,184.55555555555554
960,184.55555555555554
961,184.55555555555554
962,184.55555555555554
963,184.55555555555554
964,184.55555555555554
965,184.55555555555554
966,184.55555555555554
967,184.55555555555554
968,184.55555555555554
969,184.55555555555554
970,184.55555555555554
971,184.55555555555554
972,184.55555555555554
973,184.55555555555554
974,184.55555555555554
975,184.55555555555554
976,184.55555555555554
977,184.55555555555554
978,184.66666666666666
979,184.66666666666666
980,184.66666666666666
981,184.66666666666666
982,186.77777777777774
983,186.77777777777774
984,186.77777777777774
985,186.77777777777774
986,186.88888888888883
987,186.88888888888883
988,186.88888888888883
989,186.88888888888883
990,188.99999999999994
991,188.99999999999994
992,188.99999999999994
993,188.99999999999994
994,189.11111111111106
995,189.11111111111106
996,189.11111111111106
997,189.11111111111106
998,189.11111111111106
999,189.11111111111106
1000,189.11111111111106
1001,189.11111111111106
1002,189.11111111111106
1003,189.11111111111106
1004,189.11111111111106
1005,189.11111111111106
1006,189.11111111111106
1007,189.11111111111106
1008,189.11111111111106
1009,189.11111111111106
1010,189.11111111111106
1011,189.11111111111106
1012,189.11111111111106
1013,189.11111111111106
1014,189.11111111111106
1015,189.11111111111106
1016,189.3333333333333
1017,189.3333333333333
1018,189.3333333333333
1019,189.3333333333333
1020,189.3333333333333
1021,189.3333333333333
1022,189.3333333333333
1023,189.3333333333333
1024,189.3333333333333
1025,189.3333333333333
1026,189.3333333333333
1027,189.3333333333333
1028,189.3333333333333
1029,189.3333333333333
1030,189.3333333333333
1031,189.3333333333333
1032,189.44444444444437
1033,189.44444444444437
1034,189.44444444444437
1035,189.44444444444437
1036,189.44444444444437
1037,189.44444444444437
1038,189.44444444444437
1039,189.44444444444437
1040,189.44444444444437
1041,189.44444444444437
1042,189.44444444444437
1043,189.44444444444437
1044,189.44444444444437
1045,189.44444444444437
1046,189.44444444444437
1047,189.44444444444437
1048,189.44444444444437
1049,189.44444444444437
1050,189.44444444444437
1051,189.44444444444437
1052,189.44444444444437
1053,189.44444444444437
1054,189.44444444444437
1055,189.44444444444437
1056,189.44444444444437
1057,189.44444444444437
1058,189.44444444444437
1059,189.44444444444437
1060,189.44444444444437
1061,189.44444444444437
1062,189.44444444444437
1063,189.44444444444437
1064,189.77777777777771
1065,189.77777777777771
1066,189.77777777777771
1067,189.77777777777771
1068,189.77777777777771
1069,189.77777777777771
1070,189.77777777777771
1071,189.77777777777771
1072,189.77777777777771
1073,189.77777777777771
1074,189.77777777777771
1075,189.77777777777771
1076,189.77777777777771
1077,189.77777777777771
1078,189.77777777777771
1079,189.77777777777771
1080,189.77777777777771
1081,189.77777777777771
1082,189.77777777777771
1083,189.77777777777771
1084,189.77777777777771
1085,189.77777777777771
1086,189.77777777777771
1087,189.77777777777771
1088,189.77777777777771
1089,189.77777777777771
1090,189.77777777777771
1091,189.77777777777771
1092,189.77777777777771
1093,189.77777777777771
1094,189.77777777777771
1095,189.77777777777771
1096,189.88888888888883
1097,189.88888888888883
1098,189.88888888888883
1099,189.88888888888883
1100,191.88888888888889
1101,191.88888888888889
1102,191.88888888888889
1103,191.88888888888889
1104,191.99999999999997
1105,191.99999999999997
1106,191.99999999999997
1107,191.99999999999997
1108,193.99999999999994
1109,193.99999999999994
1110,193.99999999999994
1111,193.99999999999994
1112,194.1111111111111
1113,194.1111111111111
1114,194.1111111111111
1115,194.1111111111111
1116,194.1111111111111
1117,194.1111111111111
1118,194.1111111111111
1119,194.1111111111111
1120,194.33333333333331
1121,194.33333333333331
1122,194.33333333333331
1123,194.33333333333331
1124,198.33333333333326
1125,198.33333333333326
1126,198.33333333333326
1127,198.33333333333326
1128,198.5555555555555
1129,198.5555555555555
1130,198.5555555555555
1131,198.5555555555555
1132,202.5555555555555
1133,202.5555555555555
1134,202.5555555555555
1135,202.5555555555555
1136,202.77777777777766
1137,202.77777777777766
1138,202.77777777777766
1139,202.77777777777766
1140,206.77777777777766
1141,206.77777777777766
1142,206.77777777777766
1143,206.77777777777766
1144,206.9999999999999
1145,206.9999999999999
1146,206.9999999999999
1147,206.9999999999999
1148,210.99999999999994
1149,210.99999999999994
1150,210.99999999999994
1151,210.99999999999994
1152,211.22222222222217
1153,211.22222222222217
1154,211.22222222222217
1155,211.22222222222217
1156,215.2222222222221
1157,215.2222222222221
1158,215.2222222222221
1159,215.2222222222221
1160,215.2222222222221
1161,215.2222222222221
1162,215.2222222222221
1163,215.2222222222221
1164,215.2222222222221
1165,215.2222222222221
1166,215.2222222222221
1167,215.2222222222221
1168,215.2222222222221
1169,215.2222222222221
1170,215.2222222222221
1171,215.2222222222221
1172,215.2222222222221
1173,215.2222222222221
1174,215.2222222222221
1175,215.2222222222221
1176,215.2222222222221
1177,215.2222222222221
1178,215.2222222222221
1179,215.2222222222221
1180,215.2222222222221
1181,215.2222222222221
1182,215.2222222222221
1183,215.2222222222221
1184,215.2222222222221
1185,215.2222222222221
1186,215.2222222222221
1187,215.2222222222221
1188,215.2222222222221
1189,215.2222222222221
1190,215.2222222222221
1191,215.2222222222221
1192,215.2222222222221
1193,215.2222222222221
1194,215.2222222222221
1195,215.2222222222221
1196,215.2222222222221
1197,215.2222222222221
1198,215.2222222222221
1199,215.2222222222221
1200,215.2222222222221
1201,215.2222222222221
1202,215.2222222222221
1203,215.2222222222221
1204,215.2222222222221
1205,215.2222222222221
1206,215.2222222222221
1207,215.2222222222221
1208,215.2222222222221
1209,215.2222222222221
1210,215.2222222222221
1211,215.2222222222221
1212,215.2222222222221
1213,215.2222222222221
1214,215.2222222222221
1215,215.2222222222221
1216,215.2222222222221
1217,215.2222222222221
1218,215.2222222222221
1219,215.2222222222221
1220,225.2222222222221
1221,225.2222222222221
1222,225.2222222222221
1223,225.2222222222221
1224,225.2222222222221
1225,225.2222222222221
1226,225.2222222222221
1227,225.2222222222221
1228,225.2222222222221
1229,225.2222222222221
1230,225.2222222222221
1231,225.2222222222221
1232,225.2222222222221
1233,225.2222222222221
1234,225.2222222222221
1235,225.2222222222221
1236,225.2222222222221
1237,225.2222222222221
1238,225.2222222222221
1239,225.2222222222221
1240,225.2222222222221
1241,225.2222222222221
1242,225.2222222222221
1243,225.2222222222221
1244,225.2222222222221
1245,225.2222222222221
1246,225.2222222222221
1247,225.2222222222221
1248,225.55555555555543
1249,225.55555555555543
1250,225.55555555555543
1251,225.55555555555543
1252,241.55555555555543
1253,241.55555555555543
1254,241.55555555555543
1255,241.55555555555543
1256,241.88888888888874
1257,241.88888888888874
1258,241.88888888888874
1259,241.88888888888874
1260,241.88888888888874
1261,241.88888888888874
1262,241.88888888888874
1263,241.88888888888874
1264,241.88888888888874
1265,241.88888888888874
1266,241.88888888888874
1267,241.88888888888874
1268,241.88888888888874
1269,241.88888888888874
1270,241.88888888888874
1271,241.88888888888874
1272,242.11111111111097
1273,242.11111111111097
1274,242.11111111111097
1275,242.11111111111097
1276,246.11111111111103
1277,246.11111111111103
1278,246.11111111111103
1279,246.11111111111103
1280,246.11111111111103
1281,246.11111111111103
1282,246.11111111111103
1283,246.11111111111103
1284,246.11111111111103
1285,246.11111111111103
1286,246.11111111111103
1287,246.11111111111103
1288,246.11111111111103
1289,246.11111111111103
1290,246.11111111111103
1291,246.11111111111103
1292,246.11111111111103
1293,246.11111111111103
1294,246.11111111111103
1295,246.11111111111103
1296,246.11111111111103
1297,246.11111111111103
1298,246.11111111111103
1299,246.11111111111103
1300,246.11111111111103
1301,246.11111111111103
1302,246.11111111111103
1303,246.11111111111103
1304,246.11111111111103
1305,246.11111111111103
1306,246.11111111111103
1307,246.11111111111103
1308,246.11111111111103
1309,246.11111111111103
1310,246.11111111111103
1311,246.11111111111103
1312,246.22222222222214
1313,246.22222222222214
1314,246.22222222222214
1315,246.22222222222214
1316,246.22222222222214
1317,246.22222222222214
1318,246.22222222222214
1319,246.22222222222214
1320,246.22222222222214
1321,246.22222222222214
1322,246.22222222222214
1323,246.22222222222214
1324,246.22222222222214
1325,246.22222222222214
1326,246.22222222222214
1327,246.22222222222214
1328,246.22222222222214
1329,246.22222222222214
1330,246.22222222222214
1331,246.22222222222214
1332,246.22222222222214
1333,246.22222222222214
1334,246.22222222222214
1335,246.22222222222214
1336,246.22222222222214
1337,246.22222222222214
1338,246.22222222222214
1339,246.22222222222214
1340,246.22222222222214
1341,246.22222222222214
1342,246.22222222222214
1343,246.22222222222214
1344,246.22222222222214
1345,246.22222222222214
1346,246.22222222222214
1347,246.22222222222214
1348,246.22222222222214
1349,246.22222222222214
1350,246.22222222222214
1351,246.22222222222214
1352,246.66666666666657
1353,246.66666666666657
1354,246.66666666666657
1355,246.66666666666657
1356,246.66666666666657
1357,246.66666666666657
1358,246.66666666666657
1359,246.66666666666657
1360,246.66666666666657
1361,246.66666666666657
1362,246.66666666666657
1363,246.66666666666657
1364,246.66666666666657
1365,246.66666666666657
1366,246.66666666666657
1367,246.66666666666657
1368,246.66666666666657
1369,246.66666666666657
1370,246.66666666666657
1371,246.66666666666657
1372,246.66666666666657
1373,246.66666666666657
1374,246.66666666666657
1375,246.66666666666657
1376,246.66666666666657
1377,246.66666666666657
1378,246.66666666666657
1379,246.66666666666657
1380,246.66666666666657
1381,246.66666666666657
1382,246.66666666666657
1383,246.66666666666657
1384,246.66666666666657
1385,246.66666666666657
1386,246.66666666666657
1387,246.66666666666657
1388,246.66666666666657
1389,246.66666666666657
1390,246.66666666666657
1391,246.66666666666657
1392,246.66666666666657
1393,246.66666666666657
1394,246.66666666666657
1395,246.66666666666657
1396,246.66666666666657
1397,246.66666666666657
1398,246.66666666666657
1399,246.66666666666657
1400,246.77777777777771
1401,246.77777777777771
1402,246.77777777777771
1403,246.77777777777771
1404,246.77777777777771
1405,246.77777777777771
1406,246.77777777777771
1407,246.77777777777771
1408,246.77777777777771
1409,246.77777777777771
1410,246.77777777777771
1411,246.77777777777771
1412,246.77777777777771
1413,246.77777777777771
1414,246.77777777777771
1415,246.77777777777771
1416,246.77777777777771
1417,246.77777777777771
1418,246.77777777777771
1419,246.77777777777771
1420,246.77777777777771
1421,246.77777777777771
1422,246.77777777777771
1423,246.77777777777771
1424,246.77777777777771
1425,246.77777777777771
1426,246.77777777777771
1427,246.77777777777771
1428,246.77777777777771
1429,246.77777777777771
1430,246.77777777777771
1431,246.77777777777771
1432,246.77777777777771
1433,246.77777777777771
1434,246.77777777777771
1435,246.77777777777771
1436,246.77777777777771
1437,246.77777777777771
1438,246.77777777777771
1439,246.77777777777771
1440,246.77777777777771
1441,246.77777777777771
1442,246.77777777777771
1443,246.77777777777771
1444,246.77777777777771
1445,246.77777777777771
1446,246.77777777777771
1447,246.77777777777771
1448,246.77777777777771
1449,246.77777777777771
1450,246.77777777777771
1451,246.77777777777771
1452,246.77777777777771
1453,246.77777777777771
1454,246.77777777777771
1455,246.77777777777771
1456,246.77777777777771
1457,246.77777777777771
1458,246.77777777777771
1459,246.77777777777771
1460,246.77777777777771
1461,246.77777777777771
1462,246.77777777777771
1463,246.77777777777771
1464,246.77777777777771
1465,246.77777777777771
1466,246.77777777777771
1467,246.77777777777771
1468,246.77777777777771
1469,246.77777777777771
1470,246.77777777777771
1471,246.77777777777771
1472,246.77777777777771
1473,246.77777777777771
1474,246.77777777777771
1475,246.77777777777771
1476,246.77777777777771
1477,246.77777777777771
1478,246.77777777777771
1479,246.77777777777771
1480,246.8888888888888
1481,246.8888888888888
1482,246.8888888888888
1483,246.8888888888888
1484,246.8888888888888
1485,246.8888888888888
1486,246.8888888888888
1487,246.8888888888888
1488,246.8888888888888
1489,246.8888888888888
1490,246.8888888888888
1491,246.8888888888888
1492,246.8888888888888
1493,246.8888888888888
1494,246.8888888888888
1495,246.8888888888888
1496,247.44444444444434
1497,247.44444444444434
1498,247.44444444444434
1499,247.44444444444434
1500,257.4444444444444
1501,257.4444444444444
1502,257.4444444444444
1503,257.4444444444444
1504,257.4444444444444
1505,257.4444444444444
1506,257.4444444444444
1507,257.4444444444444
1508,257.4444444444444
1509,257.4444444444444
1510,257.4444444444444
1511,257.4444444444444
1512,263.5555555555555
1513,263.5555555555555
1514,263.5555555555555
1515,263.5555555555555
1516,263.5555555555555
1517,263.5555555555555
1518,263.5555555555555
1519,263.5555555555555
1520,263.5555555555555
1521,263.5555555555555
1522,263.5555555555555
1523,263.5555555555555
1524,263.5555555555555
1525,263.5555555555555
1526,263.5555555555555
1527,263.5555555555555
1528,263.5555555555555
1529,263.5555555555555
1530,263.5555555555555
1531,263.5555555555555
1532,263.5555555555555
1533,263.5555555555555
1534,263.5555555555555
1535,263.5555555555555
1536,263.5555555555555
1537,263.5555555555555
1538,263.5555555555555
1539,263.5555555555555
1540,263.5555555555555
1541,263.5555555555555
1542,263.5555555555555
1543,263.5555555555555
1544,263.5555555555555
1545,263.5555555555555
1546,263.5555555555555
1547,263.5555555555555
1548,263.5555555555555
1549,263.5555555555555
1550,263.5555555555555
1551,263.5555555555555
1552,263.5555555555555
1553,263.5555555555555
1554,263.5555555555555
1555,263.5555555555555
1556,263.5555555555555
1557,263.5555555555555
1558,263.5555555555555
1559,263.5555555555555
1560,263.5555555555555
1561,263.5555555555555
1562,263.5555555555555
1563,263.5555555555555
1564,263.5555555555555
1565,263.5555555555555
1566,263.5555555555555
1567,263.5555555555555
1568,263.5555555555555
1569,263.5555555555555
1570,263.5555555555555
1571,263.5555555555555
1572,263.5555555555555
1573,263.5555555555555
1574,263.5555555555555
1575,263.5555555555555
1576,263.5555555555555
1577,263.5555555555555
1578,263.5555555555555
1579,263.5555555555555
1580,263.5555555555555
1581,263.5555555555555
1582,263.5555555555555
1583,263.5555555555555
1584,263.5555555555555
1585,263.5555555555555
1586,263.5555555555555
1587,263.5555555555555
1588,263.5555555555555
1589,263.5555555555555
1590,263.5555555555555
1591,263.5555555555555
1592,263.5555555555555
1593,263.5555555555555
1594,263.5555555555555
1595,263.5555555555555
1596,263.5555555555555
1597,263.5555555555555
1598,263.5555555555555
1599,263.5555555555555
1600,263.5555555555555
1601,263.5555555555555
1602,263.5555555555555
1603,263.5555555555555
1604,263.5555555555555
1605,263.5555555555555
1606,263.5555555555555
1607,263.5555555555555
1608,263.5555555555555
1609,263.5555555555555
1610,263.5555555555555
1611,263.5555555555555
1612,263.5555555555555
1613,263.5555555555555
1614,263.5555555555555
1615,263.5555555555555
1616,263.5555555555555
1617,263.5555555555555
1618,263.5555555555555
1619,263.5555555555555
1620,263.5555555555555
1621,263.5555555555555
1622,263.5555555555555
1623,263.5555555555555
1624,263.5555555555555
1625,263.5555555555555
1626,263.5555555555555
1627,263.5555555555555
1628,263.5555555555555
1629,263.5555555555555
1630,263.5555555555555
1631,263.5555555555555
1632,263.5555555555555
1633,263.5555555555555
1634,263.5555555555555
1635,263.5555555555555
1636,263.6666666666666
1637,263.6666666666666
1638,263.6666666666666
1639,263.6666666666666
1640,265.55555555555543
1641,265.55555555555543
1642,265.55555555555543
1643,265.55555555555543
1644,265.77777777777766
1645,265.77777777777766
1646,265.77777777777766
1647,265.77777777777766
1648,265.77777777777766
1649,265.77777777777766
1650,265.77777777777766
1651,265.77777777777766
1652,265.77777777777766
1653,265.77777777777766
1654,265.77777777777766
1655,265.77777777777766
1656,265.77777777777766
1657,265.77777777777766
1658,265.77777777777766
1659,265.77777777777766
1660,265.77777777777766
1661,265.77777777777766
1662,265.77777777777766
1663,265.77777777777766
1664,265.77777777777766
1665,265.77777777777766
1666,265.77777777777766
1667,265.77777777777766
1668,265.77777777777766
1669,265.77777777777766
1670,265.77777777777766
1671,265.77777777777766
1672,265.77777777777766
1673,265.77777777777766
1674,265.77777777777766
1675,265.77777777777766
1676,265.77777777777766
1677,265.77777777777766
1678,265.77777777777766
1679,265.77777777777766
1680,265.77777777777766
1681,265.77777777777766
1682,265.77777777777766
1683,265.77777777777766
1684,265.77777777777766
1685,265.77777777777766
1686,265.77777777777766
1687,265.77777777777766
1688,265.77777777777766
1689,265.77777777777766
1690,265.77777777777766
1691,265.77777777777766
1692,265.77777777777766
1693,265.77777777777766
1694,265.77777777777766
1695,265.77777777777766
1696,265.77777777777766
1697,265.77777777777766
1698,265.77777777777766
1699,265.77777777777766
1700,265.77777777777766
1701,265.77777777777766
1702,265.77777777777766
1703,265.77777777777766
1704,265.77777777777766
1705,265.77777777777766
1706,265.77777777777766
1707,265.77777777777766
1708,265.77777777777766
1709,265.77777777777766
1710,265.77777777777766
1711,265.77777777777766
1712,265.77777777777766
1713,265.77777777777766
1714,265.77777777777766
1715,265.77777777777766
1716,265.77777777777766
1717,265.77777777777766
1718,265.77777777777766
1719,265.77777777777766
1720,265.77777777777766
1721,265.77777777777766
1722,265.77777777777766
1723,265.77777777777766
1724,265.77777777777766
1725,265.77777777777766
1726,265.77777777777766
1727,265.77777777777766
1728,265.77777777777766
1729,265.77777777777766
1730,265.77777777777766
1731,265.77777777777766
1732,265.77777777777766
1733,265.77777777777766
1734,265.77777777777766
1735,265.77777777777766
1736,265.77777777777766
1737,265.77777777777766
1738,265.77777777777766
1739,265.77777777777766
1740,265.77777777777766
1741,265.77777777777766
1742,265.77777777777766
1743,265.77777777777766
1744,265.77777777777766
1745,265.77777777777766
1746,265.77777777777766
1747,265.77777777777766
1748,265.77777777777766
1749,265.77777777777766
1750,265.77777777777766
1751,265.77777777777766
1752,265.77777777777766
1753,265.77777777777766
1754,265.77777777777766
1755,265.77777777777766
1756,265.77777777777766
1757,265.77777777777766
1758,265.77777777777766
1759,265.77777777777766
1760,265.77777777777766
1761,265.77777777777766
1762,265.77777777777766
1763,265.77777777777766
1764,265.77777777777766
1765,265.77777777777766
1766,265.77777777777766
1767,265.77777777777766
1768,265.77777777777766
1769,265.77777777777766
1770,265.77777777777766
1771,265.77777777777766
1772,265.77777777777766
1773,265.77777777777766
1774,265.77777777777766
1775,265.77777777777766
1776,265.77777777777766
1777,265.77777777777766
1778,265.77777777777766
1779,265.77777777777766
1780,265.77777777777766
1781,265.77777777777766
1782,265.77777777777766
1783,265.77777777777766
1784,265.77777777777766
1785,265.77777777777766
1786,265.77777777777766
1787,265.77777777777766
1788,265.77777777777766
1789,265.77777777777766
1790,265.77777777777766
1791,265.77777777777766
1792,265.77777777777766
1793,265.77777777777766
1794,265.77777777777766
1795,265.77777777777766
1796,265.77777777777766
1797,265.77777777777766
1798,265.77777777777766
1799,265.77777777777766
1800,265.77777777777766
1801,265.77777777777766
1802,265.77777777777766
1803,265.77777777777766
1804,265.77777777777766
1805,265.77777777777766
1806,265.77777777777766
1807,265.77777777777766
1808,265.77777777777766
1809,265.77777777777766
1810,265.77777777777766
1811,265.77777777777766
1812,265.77777777777766
1813,265.77777777777766
1814,265.77777777777766
1815,265.77777777777766
1816,265.77777777777766
1817,265.77777777777766
1818,265.77777777777766
1819,265.77777777777766
1820,265.77777777777766
1821,265.77777777777766
1822,265.77777777777766
1823,265.77777777777766
1824,265.77777777777766
1825,265.77777777777766
1826,265.77777777777766
1827,265.77777777777766
1828,265.77777777777766
1829,265.77777777777766
1830,265.77777777777766
1831,265.77777777777766
1832,265.77777777777766
1833,265.77777777777766
1834,265.77777777777766
1835,265.77777777777766
1836,265.77777777777766
1837,265.77777777777766
1838,265.77777777777766
1839,265.77777777777766
1840,265.77777777777766
1841,265.77777777777766
1842,265.77777777777766
1843,265.77777777777766
1844,265.77777777777766
1845,265.77777777777766
1846,265.77777777777766
1847,265.77777777777766
1848,265.77777777777766
1849,265.77777777777766
1850,265.77777777777766
1851,265.77777777777766
1852,265.77777777777766
1853,265.77777777777766
1854,265.77777777777766
1855,265.77777777777766
1856,265.77777777777766
1857,265.77777777777766
1858,265.77777777777766
1859,265.77777777777766
1860,265.77777777777766
1861,265.77777777777766
1862,265.77777777777766
1863,265.77777777777766
1864,265.77777777777766
1865,265.77777777777766
1866,265.77777777777766
1867,265.77777777777766
1868,265.77777777777766
1869,265.77777777777766
1870,265.77777777777766
1871,265.77777777777766
1872,265.77777777777766
1873,265.77777777777766
1874,265.77777777777766
1875,265.77777777777766
1876,265.77777777777766
1877,265.77777777777766
1878,265.77777777777766
1879,265.77777777777766
1880,265.77777777777766
1881,265.77777777777766
1882,265.77777777777766
1883,265.77777777777766
1884,265.77777777777766
1885,265.77777777777766
1886,265.77777777777766
1887,265.77777777777766
1888,265.77777777777766
1889,265.77777777777766
1890,265.77777777777766
1891,265.77777777777766
1892,265.77777777777766
1893,265.77777777777766
1894,265.77777777777766
1895,265.77777777777766
1896,265.77777777777766
1897,265.77777777777766
1898,265.77777777777766
1899,265.77777777777766
1900,265.77777777777766
1901,265.77777777777766
1902,265.77777777777766
1903,265.77777777777766
1904,265.77777777777766
1905,265.77777777777766
1906,265.77777777777766
1907,265.77777777777766
1908,265.77777777777766
1909,265.77777777777766
1910,265.77777777777766
1911,265.77777777777766
1912,265.77777777777766
1913,265.77777777777766
1914,265.77777777777766
1915,265.77777777777766
1916,265.77777777777766
1917,265.77777777777766
1918,265.77777777777766
1919,265.77777777777766
1920,265.77777777777766
1921,265.77777777777766
1922,265.77777777777766
1923,265.77777777777766
1924,265.77777777777766
1925,265.77777777777766
1926,265.77777777777766
1927,265.77777777777766
1928,265.77777777777766
1929,265.77777777777766
1930,265.77777777777766
1931,265.77777777777766
1932,265.77777777777766
1933,265.77777777777766
1934,265.77777777777766
1935,265.77777777777766
1936,265.77777777777766
1937,265.77777777777766
1938,265.77777777777766
1939,265.77777777777766
1940,265.77777777777766
1941,265.77777777777766
1942,265.77777777777766
1943,265.77777777777766
1944,265.77777777777766
1945,265.77777777777766
1946,265.77777777777766
1947,265.77777777777766
1948,265.77777777777766
1949,265.77777777777766
1950,265.77777777777766
1951,265.77777777777766
1952,265.77777777777766
1953,265.77777777777766
1954,265.77777777777766
1955,265.77777777777766
1956,265.77777777777766
1957,265.77777777777766
1958,265.77777777777766
1959,265.77777777777766
1960,265.77777777777766
1961,265.77777777777766
1962,265.77777777777766
1963,265.77777777777766
1964,265.77777777777766
1965,265.77777777777766
1966,265.77777777777766
1967,265.77777777777766
1968,265.77777777777766
1969,265.77777777777766
1970,265.77777777777766
1971,265.77777777777766
1972,265.77777777777766
1973,265.77777777777766
1974,265.77777777777766
1975,265.77777777777766
1976,265.77777777777766
1977,265.77777777777766
1978,265.77777777777766
1979,265.77777777777766
1980,265.77777777777766
1981,265.77777777777766
1982,265.77777777777766
1983,265.77777777777766
1984,265.77777777777766
1985,265.77777777777766
1986,265.77777777777766
1987,265.77777777777766
1988,265.77777777777766
1989,265.77777777777766
1990,265.77777777777766
1991,265.77777777777766
1992,265.77777777777766
1993,265.77777777777766
1994,265.77777777777766
1995,265.77777777777766
1996,265.77777777777766
1997,265.77777777777766
1998,265.77777777777766
1999,265.77777777777766
2000,265.77777777777766
