algo,t,mean_group,std_group,mean_hub,std_hub,cum_pulls
Central-UCB,1,0.0,0.0,0.0,0.0,0.0
Central-UCB,2,5.416666666666667,0.23570226039551584,0.16666666666666666,0.11785113019775792,20.0
Central-UCB,3,5.416666666666667,0.23570226039551584,0.16666666666666666,0.11785113019775792,21.0
Central-UCB,4,5.416666666666667,0.23570226039551584,0.16666666666666666,0.11785113019775792,40.0
Central-UCB,5,5.416666666666667,0.23570226039551584,0.16666666666666666,0.11785113019775792,41.0
Central-UCB,6,5.416666666666667,0.23570226039551584,0.16666666666666666,0.11785113019775792,60.0
Central-UCB,7,5.5,0.2041241452319315,0.25,0.2041241452319315,61.0
Central-UCB,8,7.083333333333333,2.2484562605386738,0.25,0.2041241452319315,80.0
Central-UCB,9,7.166666666666667,2.1826334756181325,0.3333333333333333,0.23570226039551584,81.0
Central-UCB,10,8.75,2.1213203435596424,0.3333333333333333,0.23570226039551584,100.0
Central-UCB,11,8.75,2.1213203435596424,0.3333333333333333,0.23570226039551584,101.0
Central-UCB,12,8.75,2.1213203435596424,0.3333333333333333,0.23570226039551584,120.0
Central-UCB,13,9.0,2.131118642090737,0.5833333333333334,0.31180478223116176,121.0
Central-UCB,14,10.583333333333334,0.23570226039551584,0.5833333333333334,0.31180478223116176,140.0
Central-UCB,15,10.583333333333334,0.23570226039551584,0.5833333333333334,0.31180478223116176,141.0
Central-UCB,16,10.583333333333334,0.23570226039551584,0.5833333333333334,0.31180478223116176,160.0
Central-UCB,17,10.666666666666666,0.31180478223116176,0.6666666666666666,0.23570226039551584,161.0
Central-UCB,18,10.666666666666666,0.31180478223116176,0.6666666666666666,0.23570226039551584,180.0
Central-UCB,19,10.916666666666666,0.31180478223116176,0.9166666666666666,0.42491829279939874,181.0
Central-UCB,20,15.666666666666666,3.991310004942682,0.9166666666666666,0.42491829279939874,200.0
Central-UCB,21,15.75,3.8944404818493075,1.0,0.3535533905932738,201.0
Central-UCB,22,17.333333333333332,2.435273199367076,1.0,0.3535533905932738,220.0
Central-UCB,23,17.333333333333332,2.435273199367076,1.0,0.3535533905932738,221.0
Central-UCB,24,20.5,4.188277291043021,1.0,0.3535533905932738,240.0
Central-UCB,25,20.666666666666668,4.204825270514288,1.1666666666666667,0.5892556509887895,241.0
Central-UCB,26,20.666666666666668,4.204825270514288,1.1666666666666667,0.5892556509887895,260.0
Central-UCB,27,20.666666666666668,4.204825270514288,1.1666666666666667,0.5892556509887895,261.0
Central-UCB,28,20.666666666666668,4.204825270514288,1.1666666666666667,0.5892556509887895,280.0
Central-UCB,29,20.666666666666668,4.204825270514288,1.1666666666666667,0.5892556509887895,281.0
Central-UCB,30,20.666666666666668,4.204825270514288,1.1666666666666667,0.5892556509887895,300.0
Central-UCB,31,20.833333333333332,4.234448671970833,1.3333333333333333,0.8249579113843055,301.0
Central-UCB,32,20.833333333333332,4.234448671970833,1.3333333333333333,0.8249579113843055,320.0
Central-UCB,33,20.833333333333332,4.234448671970833,1.3333333333333333,0.8249579113843055,321.0
Central-UCB,34,20.833333333333332,4.234448671970833,1.3333333333333333,0.8249579113843055,340.0
Central-UCB,35,20.833333333333332,4.234448671970833,1.3333333333333333,0.8249579113843055,341.0
Central-UCB,36,20.833333333333332,4.234448671970833,1.3333333333333333,0.8249579113843055,360.0
Central-UCB,37,20.833333333333332,4.234448671970833,1.3333333333333333,0.8249579113843055,361.0
Central-UCB,38,20.833333333333332,4.234448671970833,1.3333333333333333,0.8249579113843055,380.0
Central-UCB,39,21.0,4.276875806785447,1.5,1.0606601717798212,381.0
Central-UCB,40,24.166666666666668,6.8017563091372875,1.5,1.0606601717798212,400.0
Central-UCB,41,24.166666666666668,6.8017563091372875,1.5,1.0606601717798212,401.0
Central-UCB,42,24.166666666666668,6.8017563091372875,1.5,1.0606601717798212,420.0
Central-UCB,43,24.25,6.819090848492928,1.5833333333333333,1.0069204977995476,421.0
Central-UCB,44,24.25,6.819090848492928,1.5833333333333333,1.0069204977995476,440.0
Central-UCB,45,24.416666666666668,6.599663291074443,1.75,0.8897565210026093,441.0
Central-UCB,46,24.416666666666668,6.599663291074443,1.75,0.8897565210026093,460.0
Central-UCB,47,24.416666666666668,6.599663291074443,1.75,0.8897565210026093,461.0
Central-UCB,48,24.416666666666668,6.599663291074443,1.75,0.8897565210026093,480.0
Central-UCB,49,24.5,6.490377492873585,1.8333333333333333,0.8498365855987975,481.0
Central-UCB,50,24.5,6.490377492873585,1.8333333333333333,0.8498365855987975,500.0
Central-UCB,51,24.5,6.490377492873585,1.8333333333333333,0.8498365855987975,501.0
Central-UCB,52,24.5,6.490377492873585,1.8333333333333333,0.8498365855987975,520.0
Central-UCB,53,24.5,6.490377492873585,1.8333333333333333,0.8498365855987975,521.0
Central-UCB,54,24.5,6.490377492873585,1.8333333333333333,0.8498365855987975,540.0
Central-UCB,55,24.5,6.490377492873585,1.8333333333333333,0.8498365855987975,541.0
Central-UCB,56,24.5,6.490377492873585,1.8333333333333333,0.8498365855987975,560.0
Central-UCB,57,24.5,6.490377492873585,1.8333333333333333,0.8498365855987975,561.0
Central-UCB,58,24.5,6.490377492873585,1.8333333333333333,0.8498365855987975,580.0
Central-UCB,59,24.5,6.490377492873585,1.8333333333333333,0.8498365855987975,581.0
Central-UCB,60,24.5,6.490377492873585,1.8333333333333333,0.8498365855987975,600.0
Central-UCB,61,24.583333333333332,6.381396573025549,1.9166666666666667,0.8249579113843054,601.0
Central-UCB,62,26.166666666666668,4.398547740132216,1.9166666666666667,0.8249579113843054,620.0
Central-UCB,63,26.166666666666668,4.398547740132216,1.9166666666666667,0.8249579113843054,621.0
Central-UCB,64,26.166666666666668,4.398547740132216,1.9166666666666667,0.8249579113843054,640.0
Central-UCB,65,26.166666666666668,4.398547740132216,1.9166666666666667,0.8249579113843054,641.0
Central-UCB,66,26.166666666666668,4.398547740132216,1.9166666666666667,0.8249579113843054,660.0
Central-UCB,67,26.166666666666668,4.398547740132216,1.9166666666666667,0.8249579113843054,661.0
Central-UCB,68,26.166666666666668,4.398547740132216,1.9166666666666667,0.8249579113843054,680.0
Central-UCB,69,26.25,4.50462725057986,2.0,0.9354143466934853,681.0
Central-UCB,70,27.833333333333332,6.596505809054434,2.0,0.9354143466934853,700.0
Central-UCB,71,27.833333333333332,6.596505809054434,2.0,0.9354143466934853,701.0
Central-UCB,72,27.833333333333332,6.596505809054434,2.0,0.9354143466934853,720.0
Central-UCB,73,28.0,6.425859216219,2.1666666666666665,0.9204467514322718,721.0
Central-UCB,74,28.0,6.425859216219,2.1666666666666665,0.9204467514322718,740.0
Central-UCB,75,28.0,6.425859216219,2.1666666666666665,0.9204467514322718,741.0
Central-UCB,76,28.0,6.425859216219,2.1666666666666665,0.9204467514322718,760.0
Central-UCB,77,28.083333333333332,6.397699239223078,2.25,0.816496580927726,761.0
Central-UCB,78,29.666666666666668,6.272736422186271,2.25,0.816496580927726,780.0
Central-UCB,79,29.666666666666668,6.272736422186271,2.25,0.816496580927726,781.0
Central-UCB,80,29.666666666666668,6.272736422186271,2.25,0.816496580927726,800.0
Central-UCB,81,29.666666666666668,6.272736422186271,2.25,0.816496580927726,801.0
Central-UCB,82,29.666666666666668,6.272736422186271,2.25,0.816496580927726,820.0
Central-UCB,83,29.666666666666668,6.272736422186271,2.25,0.816496580927726,821.0
Central-UCB,84,32.833333333333336,2.771381524719315,2.25,0.816496580927726,840.0
Central-UCB,85,33.0,2.669269563007828,2.4166666666666665,0.8498365855987975,841.0
Central-UCB,86,36.166666666666664,4.204825270514288,2.4166666666666665,0.8498365855987975,860.0
Central-UCB,87,36.333333333333336,4.398547740132216,2.5833333333333335,0.9428090415820634,861.0
Central-UCB,88,39.5,8.492643875731515,2.5833333333333335,0.9428090415820634,880.0
Central-UCB,89,39.5,8.492643875731515,2.5833333333333335,0.9428090415820634,881.0
Central-UCB,90,39.5,8.492643875731515,2.5833333333333335,0.9428090415820634,900.0
Central-UCB,91,39.5,8.492643875731515,2.5833333333333335,0.9428090415820634,901.0
Central-UCB,92,39.5,8.492643875731515,2.5833333333333335,0.9428090415820634,920.0
Central-UCB,93,39.5,8.492643875731515,2.5833333333333335,0.9428090415820634,921.0
Central-UCB,94,44.25,9.545941546018392,2.5833333333333335,0.9428090415820634,940.0
Central-UCB,95,44.25,9.545941546018392,2.5833333333333335,0.9428090415820634,941.0
Central-UCB,96,44.25,9.545941546018392,2.5833333333333335,0.9428090415820634,960.0
Central-UCB,97,44.5,9.72753822917186,2.8333333333333335,1.1606990230986767,961.0
Central-UCB,98,44.5,9.72753822917186,2.8333333333333335,1.1606990230986767,980.0
Central-UCB,99,44.5,9.72753822917186,2.8333333333333335,1.1606990230986767,981.0
Central-UCB,100,44.5,9.72753822917186,2.8333333333333335,1.1606990230986767,1000.0
Central-UCB,101,44.5,9.72753822917186,2.8333333333333335,1.1606990230986767,1001.0
Central-UCB,102,44.5,9.72753822917186,2.8333333333333335,1.1606990230986767,1020.0
Central-UCB,103,44.5,9.72753822917186,2.8333333333333335,1.1606990230986767,1021.0
Central-UCB,104,44.5,9.72753822917186,2.8333333333333335,1.1606990230986767,1040.0
Central-UCB,105,44.5,9.72753822917186,2.8333333333333335,1.1606990230986767,1041.0
Central-UCB,106,44.5,9.72753822917186,2.8333333333333335,1.1606990230986767,1060.0
Central-UCB,107,44.5,9.72753822917186,2.8333333333333335,1.1606990230986767,1061.0
Central-UCB,108,44.5,9.72753822917186,2.8333333333333335,1.1606990230986767,1080.0
Central-UCB,109,44.75,9.918417212438687,3.0833333333333335,1.4337208778404378,1081.0
Central-UCB,110,44.75,9.918417212438687,3.0833333333333335,1.4337208778404378,1100.0
Central-UCB,111,44.75,9.918417212438687,3.0833333333333335,1.4337208778404378,1101.0
Central-UCB,112,44.75,9.918417212438687,3.0833333333333335,1.4337208778404378,1120.0
Central-UCB,113,44.916666666666664,10.025661518767171,3.25,1.4719601443879744,1121.0
Central-UCB,114,48.083333333333336,12.738284377768023,3.25,1.4719601443879744,1140.0
Central-UCB,115,48.083333333333336,12.738284377768023,3.25,1.4719601443879744,1141.0
Central-UCB,116,48.083333333333336,12.738284377768023,3.25,1.4719601443879744,1160.0
Central-UCB,117,48.083333333333336,12.738284377768023,3.25,1.4719601443879744,1161.0
Central-UCB,118,54.416666666666664,4.788585966186214,3.25,1.4719601443879744,1180.0
Central-UCB,119,54.666666666666664,4.700768258723485,3.5,1.7440374613713625,1181.0
Central-UCB,120,54.666666666666664,4.700768258723485,3.5,1.7440374613713625,1200.0
Central-UCB,121,54.666666666666664,4.700768258723485,3.5,1.7440374613713625,1201.0
Central-UCB,122,54.666666666666664,4.700768258723485,3.5,1.7440374613713625,1220.0
Central-UCB,123,54.666666666666664,4.700768258723485,3.5,1.7440374613713625,1221.0
Central-UCB,124,54.666666666666664,4.700768258723485,3.5,1.7440374613713625,1240.0
Central-UCB,125,54.666666666666664,4.700768258723485,3.5,1.7440374613713625,1241.0
Central-UCB,126,54.666666666666664,4.700768258723485,3.5,1.7440374613713625,1260.0
Central-UCB,127,54.666666666666664,4.700768258723485,3.5,1.7440374613713625,1261.0
Central-UCB,128,54.666666666666664,4.700768258723485,3.5,1.7440374613713625,1280.0
Central-UCB,129,54.666666666666664,4.700768258723485,3.5,1.7440374613713625,1281.0
Central-UCB,130,54.666666666666664,4.700768258723485,3.5,1.7440374613713625,1300.0
Central-UCB,131,54.666666666666664,4.700768258723485,3.5,1.7440374613713625,1301.0
Central-UCB,132,54.666666666666664,4.700768258723485,3.5,1.7440374613713625,1320.0
Central-UCB,133,54.666666666666664,4.700768258723485,3.5,1.7440374613713625,1321.0
Central-UCB,134,54.666666666666664,4.700768258723485,3.5,1.7440374613713625,1340.0
Central-UCB,135,54.666666666666664,4.700768258723485,3.5,1.7440374613713625,1341.0
Central-UCB,136,54.666666666666664,4.700768258723485,3.5,1.7440374613713625,1360.0
Central-UCB,137,54.75,4.813176359397884,3.5833333333333335,1.7598926734952398,1361.0
Central-UCB,138,56.333333333333336,6.983114555045541,3.5833333333333335,1.7598926734952398,1380.0
Central-UCB,139,56.333333333333336,6.983114555045541,3.5833333333333335,1.7598926734952398,1381.0
Central-UCB,140,56.333333333333336,6.983114555045541,3.5833333333333335,1.7598926734952398,1400.0
Central-UCB,141,56.333333333333336,6.983114555045541,3.5833333333333335,1.7598926734952398,1401.0
Central-UCB,142,56.333333333333336,6.983114555045541,3.5833333333333335,1.7598926734952398,1420.0
Central-UCB,143,56.333333333333336,6.983114555045541,3.5833333333333335,1.7598926734952398,1421.0
Central-UCB,144,56.333333333333336,6.983114555045541,3.5833333333333335,1.7598926734952398,1440.0
Central-UCB,145,56.333333333333336,6.983114555045541,3.5833333333333335,1.7598926734952398,1441.0
Central-UCB,146,56.333333333333336,6.983114555045541,3.5833333333333335,1.7598926734952398,1460.0
Central-UCB,147,56.333333333333336,6.983114555045541,3.5833333333333335,1.7598926734952398,1461.0
Central-UCB,148,56.333333333333336,6.983114555045541,3.5833333333333335,1.7598926734952398,1480.0
Central-UCB,149,56.416666666666664,6.947221666888778,3.6666666666666665,1.8521758975744058,1481.0
Central-UCB,150,58.0,6.636389580688182,3.6666666666666665,1.8521758975744058,1500.0
Central-UCB,151,58.25,6.655198469367136,3.9166666666666665,2.144113388378101,1501.0
Central-UCB,152,58.25,6.655198469367136,3.9166666666666665,2.144113388378101,1520.0
Central-UCB,153,58.25,6.655198469367136,3.9166666666666665,2.144113388378101,1521.0
Central-UCB,154,58.25,6.655198469367136,3.9166666666666665,2.144113388378101,1540.0
Central-UCB,155,58.25,6.655198469367136,3.9166666666666665,2.144113388378101,1541.0
Central-UCB,156,58.25,6.655198469367136,3.9166666666666665,2.144113388378101,1560.0
Central-UCB,157,58.25,6.655198469367136,3.9166666666666665,2.144113388378101,1561.0
Central-UCB,158,58.25,6.655198469367136,3.9166666666666665,2.144113388378101,1580.0
Central-UCB,159,58.25,6.655198469367136,3.9166666666666665,2.144113388378101,1581.0
Central-UCB,160,58.25,6.655198469367136,3.9166666666666665,2.144113388378101,1600.0
Central-UCB,161,58.25,6.655198469367136,3.9166666666666665,2.144113388378101,1601.0
Central-UCB,162,58.25,6.655198469367136,3.9166666666666665,2.144113388378101,1620.0
Central-UCB,163,58.25,6.655198469367136,3.9166666666666665,2.144113388378101,1621.0
Central-UCB,164,58.25,6.655198469367136,3.9166666666666665,2.144113388378101,1640.0
Central-UCB,165,58.25,6.655198469367136,3.9166666666666665,2.144113388378101,1641.0
Central-UCB,166,58.25,6.655198469367136,3.9166666666666665,2.144113388378101,1660.0
Central-UCB,167,58.25,6.655198469367136,3.9166666666666665,2.144113388378101,1661.0
Central-UCB,168,58.25,6.655198469367136,3.9166666666666665,2.144113388378101,1680.0
Central-UCB,169,58.25,6.655198469367136,3.9166666666666665,2.144113388378101,1681.0
Central-UCB,170,58.25,6.655198469367136,3.9166666666666665,2.144113388378101,1700.0
Central-UCB,171,58.25,6.655198469367136,3.9166666666666665,2.144113388378101,1701.0
Central-UCB,172,58.25,6.655198469367136,3.9166666666666665,2.144113388378101,1720.0
Central-UCB,173,58.25,6.655198469367136,3.9166666666666665,2.144113388378101,1721.0
Central-UCB,174,58.25,6.655198469367136,3.9166666666666665,2.144113388378101,1740.0
Central-UCB,175,58.25,6.655198469367136,3.9166666666666665,2.144113388378101,1741.0
Central-UCB,176,58.25,6.655198469367136,3.9166666666666665,2.144113388378101,1760.0
Central-UCB,177,58.25,6.655198469367136,3.9166666666666665,2.144113388378101,1761.0
Central-UCB,178,58.25,6.655198469367136,3.9166666666666665,2.144113388378101,1780.0
Central-UCB,179,58.25,6.655198469367136,3.9166666666666665,2.144113388378101,1781.0
Central-UCB,180,58.25,6.655198469367136,3.9166666666666665,2.144113388378101,1800.0
Central-UCB,181,58.25,6.655198469367136,3.9166666666666665,2.144113388378101,1801.0
Central-UCB,182,58.25,6.655198469367136,3.9166666666666665,2.144113388378101,1820.0
Central-UCB,183,58.25,6.655198469367136,3.9166666666666665,2.144113388378101,1821.0
Central-UCB,184,58.25,6.655198469367136,3.9166666666666665,2.144113388378101,1840.0
Central-UCB,185,58.25,6.655198469367136,3.9166666666666665,2.144113388378101,1841.0
Central-UCB,186,58.25,6.655198469367136,3.9166666666666665,2.144113388378101,1860.0
Central-UCB,187,58.25,6.655198469367136,3.9166666666666665,2.144113388378101,1861.0
Central-UCB,188,58.25,6.655198469367136,3.9166666666666665,2.144113388378101,1880.0
Central-UCB,189,58.25,6.655198469367136,3.9166666666666665,2.144113388378101,1881.0
Central-UCB,190,58.25,6.655198469367136,3.9166666666666665,2.144113388378101,1900.0
Central-UCB,191,58.333333333333336,6.548960901462833,4.0,2.041241452319315,1901.0
Central-UCB,192,59.916666666666664,4.638306683358582,4.0,2.041241452319315,1920.0
Central-UCB,193,59.916666666666664,4.638306683358582,4.0,2.041241452319315,1921.0
Central-UCB,194,59.916666666666664,4.638306683358582,4.0,2.041241452319315,1940.0
Central-UCB,195,59.916666666666664,4.638306683358582,4.0,2.041241452319315,1941.0
Central-UCB,196,59.916666666666664,4.638306683358582,4.0,2.041241452319315,1960.0
Central-UCB,197,59.916666666666664,4.638306683358582,4.0,2.041241452319315,1961.0
Central-UCB,198,59.916666666666664,4.638306683358582,4.0,2.041241452319315,1980.0
Central-UCB,199,60.083333333333336,4.857697213929891,4.166666666666667,2.0548046676563256,1981.0
Central-UCB,200,60.083333333333336,4.857697213929891,4.166666666666667,2.0548046676563256,2000.0
Coop-UCB2,1,0.0,0.0,0.0,0.0,20.0
Coop-UCB2,2,4.083333333333333,0.9646530752325189,0.08333333333333333,0.11785113019775792,40.0
Coop-UCB2,3,6.75,0.5400617248673217,0.08333333333333333,0.11785113019775792,60.0
Coop-UCB2,4,8.583333333333334,0.8249579113843055,0.08333333333333333,0.11785113019775792,80.0
Coop-UCB2,5,12.083333333333334,0.8498365855987975,0.08333333333333333,0.11785113019775792,100.0
Coop-UCB2,6,14.5,0.6123724356957945,0.08333333333333333,0.11785113019775792,120.0
Coop-UCB2,7,18.5,1.4288690166235205,0.08333333333333333,0.11785113019775792,140.0
Coop-UCB2,8,22.666666666666668,1.8856180831641267,0.4166666666666667,0.31180478223116176,160.0
Coop-UCB2,9,25.333333333333332,2.6640612271909636,0.5,0.3535533905932738,180.0
Coop-UCB2,10,29.25,5.338539126015656,0.9166666666666666,0.7168604389202189,200.0
Coop-UCB2,11,33.333333333333336,9.34597358343272,1.1666666666666667,1.0274023338281628,220.0
Coop-UCB2,12,37.0,9.600347215943113,1.3333333333333333,0.9204467514322718,240.0
Coop-UCB2,13,40.833333333333336,11.151108564722263,1.4166666666666667,0.9204467514322718,260.0
Coop-UCB2,14,44.75,10.643855817638018,1.5,0.9354143466934853,280.0
Coop-UCB2,15,48.0,10.994316713648011,1.5,0.9354143466934853,300.0
Coop-UCB2,16,50.25,10.977249200050075,1.5,0.9354143466934853,320.0
Coop-UCB2,17,52.333333333333336,10.939860856316022,1.5,0.9354143466934853,340.0
Coop-UCB2,18,54.75,11.496376240653689,1.5833333333333333,0.8249579113843055,360.0
Coop-UCB2,19,56.0,10.98483803552272,1.6666666666666667,0.7168604389202189,380.0
Coop-UCB2,20,57.333333333333336,10.267938232944116,1.6666666666666667,0.7168604389202189,400.0
Coop-UCB2,21,58.5,10.179636535751166,1.6666666666666667,0.7168604389202189,420.0
Coop-UCB2,22,59.75,9.246621004453464,1.6666666666666667,0.7168604389202189,440.0
Coop-UCB2,23,60.833333333333336,9.319185705962846,1.6666666666666667,0.7168604389202189,460.0
Coop-UCB2,24,62.166666666666664,8.64179122378894,1.6666666666666667,0.7168604389202189,480.0
Coop-UCB2,25,64.83333333333333,8.181109677516588,2.0,0.8897565210026093,500.0
Coop-UCB2,26,66.5,8.339164626427918,2.0,0.8897565210026093,520.0
Coop-UCB2,27,67.5,8.30913152300929,2.0,0.8897565210026093,540.0
Coop-UCB2,28,68.41666666666667,8.07860686559811,2.0,0.8897565210026093,560.0
Coop-UCB2,29,69.16666666666667,8.646611410771788,2.0,0.8897565210026093,580.0
Coop-UCB2,30,69.91666666666667,8.488554385497896,2.0,0.8897565210026093,600.0
Coop-UCB2,31,70.83333333333333,7.752239819705156,2.0,0.8897565210026093,620.0
Coop-UCB2,32,72.75,7.97130269571208,2.0,0.8897565210026093,640.0
Coop-UCB2,33,74.5,8.339164626427918,2.0,0.8897565210026093,660.0
Coop-UCB2,34,74.75,8.195527235429498,2.0,0.8897565210026093,680.0
Coop-UCB2,35,77.5,9.112720047640368,2.0,0.8897565210026093,700.0
Coop-UCB2,36,79.0,10.41633332799983,2.0,0.8897565210026093,720.0
Coop-UCB2,37,80.33333333333333,11.804542440188955,2.0,0.8897565210026093,740.0
Coop-UCB2,38,80.58333333333333,11.691045956438437,2.0,0.8897565210026093,760.0
Coop-UCB2,39,81.25,11.77037240985461,2.0,0.8897565210026093,780.0
Coop-UCB2,40,82.08333333333333,11.61237366873036,2.0,0.8897565210026093,800.0
Coop-UCB2,41,83.08333333333333,10.772908407461541,2.0,0.8897565210026093,820.0
Coop-UCB2,42,84.33333333333333,9.845331663055113,2.0,0.8897565210026093,840.0
Coop-UCB2,43,85.08333333333333,9.319185705962845,2.0,0.8897565210026093,860.0
Coop-UCB2,44,85.66666666666667,9.447956863200048,2.0,0.8897565210026093,880.0
Coop-UCB2,45,86.33333333333333,9.040034414880411,2.0,0.8897565210026093,900.0
Coop-UCB2,46,87.16666666666667,8.566731517264264,2.0,0.8897565210026093,920.0
Coop-UCB2,47,87.91666666666667,8.181109677516588,2.0,0.8897565210026093,940.0
Coop-UCB2,48,89.25,7.960841664045329,2.3333333333333335,0.42491829279939874,960.0
Coop-UCB2,49,91.41666666666667,8.530175196846129,2.6666666666666665,0.11785113019775792,980.0
Coop-UCB2,50,92.0,8.860022573334675,2.6666666666666665,0.11785113019775792,1000.0
Coop-UCB2,51,92.58333333333333,9.251876686501081,2.6666666666666665,0.11785113019775792,1020.0
Coop-UCB2,52,92.75,9.194654243997796,2.6666666666666665,0.11785113019775792,1040.0
Coop-UCB2,53,93.25,8.848257832289171,2.6666666666666665,0.11785113019775792,1060.0
Coop-UCB2,54,93.83333333333333,8.206535336073452,2.6666666666666665,0.11785113019775792,1080.0
Coop-UCB2,55,94.08333333333333,7.853696935555609,2.6666666666666665,0.11785113019775792,1100.0
Coop-UCB2,56,94.41666666666667,8.088915598246501,2.6666666666666665,0.11785113019775792,1120.0
Coop-UCB2,57,94.75,8.32416161944653,2.6666666666666665,0.11785113019775792,1140.0
Coop-UCB2,58,95.25,7.97130269571208,2.6666666666666665,0.11785113019775792,1160.0
Coop-UCB2,59,96.08333333333333,7.165697608901887,2.6666666666666665,0.11785113019775792,1180.0
Coop-UCB2,60,96.66666666666667,7.3833521444455625,2.6666666666666665,0.11785113019775792,1200.0
Coop-UCB2,61,97.75,6.377042156569663,2.6666666666666665,0.11785113019775792,1220.0
Coop-UCB2,62,99.25,5.12754002097172,2.6666666666666665,0.11785113019775792,1240.0
Coop-UCB2,63,101.25,3.360307525609325,2.6666666666666665,0.11785113019775792,1260.0
Coop-UCB2,64,103.33333333333333,1.1242281302693369,2.8333333333333335,0.31180478223116176,1280.0
Coop-UCB2,65,105.58333333333333,1.0274023338281628,3.0,0.5400617248673217,1300.0
Coop-UCB2,66,108.0,2.3003622903070435,3.0833333333333335,0.4714045207910317,1320.0
Coop-UCB2,67,109.66666666666667,3.356171760933711,3.0833333333333335,0.4714045207910317,1340.0
Coop-UCB2,68,111.0,3.9738730058554546,3.0833333333333335,0.4714045207910317,1360.0
Coop-UCB2,69,112.5,5.232112384114087,3.0833333333333335,0.4714045207910317,1380.0
Coop-UCB2,70,113.0,5.318991132410983,3.0833333333333335,0.4714045207910317,1400.0
Coop-UCB2,71,113.41666666666667,5.516389721145122,3.0833333333333335,0.4714045207910317,1420.0
Coop-UCB2,72,114.25,6.4323401651343035,3.0833333333333335,0.4714045207910317,1440.0
Coop-UCB2,73,114.58333333333333,6.740219251297065,3.0833333333333335,0.4714045207910317,1460.0
Coop-UCB2,74,114.91666666666667,6.740219251297065,3.0833333333333335,0.4714045207910317,1480.0
Coop-UCB2,75,115.25,6.773108592072033,3.0833333333333335,0.4714045207910317,1500.0
Coop-UCB2,76,115.91666666666667,6.935216090521061,3.0833333333333335,0.4714045207910317,1520.0
Coop-UCB2,77,117.0,7.020802423275182,3.1666666666666665,0.5892556509887895,1540.0
Coop-UCB2,78,117.75,6.604922406811453,3.1666666666666665,0.5892556509887895,1560.0
Coop-UCB2,79,119.5,4.800173607971557,3.1666666666666665,0.5892556509887895,1580.0
Coop-UCB2,80,121.41666666666667,2.6007477557212058,3.4166666666666665,0.5137011669140814,1600.0
Coop-UCB2,81,122.41666666666667,2.1245914639969934,3.4166666666666665,0.5137011669140814,1620.0
Coop-UCB2,82,123.33333333333333,1.4337208778404378,3.5833333333333335,0.5892556509887895,1640.0
Coop-UCB2,83,124.5,1.4142135623730951,3.5833333333333335,0.5892556509887895,1660.0
Coop-UCB2,84,125.83333333333333,1.8408935028645437,3.5833333333333335,0.5892556509887895,1680.0
Coop-UCB2,85,126.33333333333333,2.2484562605386733,3.5833333333333335,0.5892556509887895,1700.0
Coop-UCB2,86,126.33333333333333,2.2484562605386733,3.5833333333333335,0.5892556509887895,1720.0
Coop-UCB2,87,126.33333333333333,2.2484562605386733,3.5833333333333335,0.5892556509887895,1740.0
Coop-UCB2,88,126.33333333333333,2.2484562605386733,3.5833333333333335,0.5892556509887895,1760.0
Coop-UCB2,89,126.33333333333333,2.2484562605386733,3.5833333333333335,0.5892556509887895,1780.0
Coop-UCB2,90,126.33333333333333,2.2484562605386733,3.5833333333333335,0.5892556509887895,1800.0
Coop-UCB2,91,126.41666666666667,2.257702864024011,3.5833333333333335,0.5892556509887895,1820.0
Coop-UCB2,92,126.5,2.273030282830976,3.5833333333333335,0.5892556509887895,1840.0
Coop-UCB2,93,126.5,2.273030282830976,3.5833333333333335,0.5892556509887895,1860.0
Coop-UCB2,94,126.5,2.273030282830976,3.5833333333333335,0.5892556509887895,1880.0
Coop-UCB2,95,126.5,2.273030282830976,3.5833333333333335,0.5892556509887895,1900.0
Coop-UCB2,96,126.5,2.273030282830976,3.5833333333333335,0.5892556509887895,1920.0
Coop-UCB2,97,126.5,2.273030282830976,3.5833333333333335,0.5892556509887895,1940.0
Coop-UCB2,98,126.58333333333333,2.294316649656034,3.5833333333333335,0.5892556509887895,1960.0
Coop-UCB2,99,126.58333333333333,2.294316649656034,3.5833333333333335,0.5892556509887895,1980.0
Coop-UCB2,100,126.58333333333333,2.294316649656034,3.5833333333333335,0.5892556509887895,2000.0
Coop-UCB2,101,126.58333333333333,2.294316649656034,3.5833333333333335,0.5892556509887895,2020.0
Coop-UCB2,102,126.66666666666667,2.321398046197353,3.5833333333333335,0.5892556509887895,2040.0
Coop-UCB2,103,126.75,2.3540744819709225,3.5833333333333335,0.5892556509887895,2060.0
Coop-UCB2,104,126.83333333333333,2.3921166824012206,3.5833333333333335,0.5892556509887895,2080.0
Coop-UCB2,105,126.83333333333333,2.3921166824012206,3.5833333333333335,0.5892556509887895,2100.0
Coop-UCB2,106,126.83333333333333,2.3921166824012206,3.5833333333333335,0.5892556509887895,2120.0
Coop-UCB2,107,126.83333333333333,2.3921166824012206,3.5833333333333335,0.5892556509887895,2140.0
Coop-UCB2,108,126.83333333333333,2.3921166824012206,3.5833333333333335,0.5892556509887895,2160.0
Coop-UCB2,109,126.91666666666667,2.435273199367076,3.5833333333333335,0.5892556509887895,2180.0
Coop-UCB2,110,126.91666666666667,2.435273199367076,3.5833333333333335,0.5892556509887895,2200.0
Coop-UCB2,111,127.0,2.48327740429189,3.5833333333333335,0.5892556509887895,2220.0
Coop-UCB2,112,127.0,2.48327740429189,3.5833333333333335,0.5892556509887895,2240.0
Coop-UCB2,113,127.0,2.48327740429189,3.5833333333333335,0.5892556509887895,2260.0
Coop-UCB2,114,127.0,2.48327740429189,3.5833333333333335,0.5892556509887895,2280.0
Coop-UCB2,115,127.0,2.48327740429189,3.5833333333333335,0.5892556509887895,2300.0
Coop-UCB2,116,127.0,2.48327740429189,3.5833333333333335,0.5892556509887895,2320.0
Coop-UCB2,117,127.0,2.48327740429189,3.5833333333333335,0.5892556509887895,2340.0
Coop-UCB2,118,127.0,2.48327740429189,3.5833333333333335,0.5892556509887895,2360.0
Coop-UCB2,119,127.0,2.48327740429189,3.5833333333333335,0.5892556509887895,2380.0
Coop-UCB2,120,127.16666666666667,2.592724864350674,3.5833333333333335,0.5892556509887895,2400.0
Coop-UCB2,121,127.25,2.6536138880151094,3.5833333333333335,0.5892556509887895,2420.0
Coop-UCB2,122,127.33333333333333,2.7182510717166815,3.5833333333333335,0.5892556509887895,2440.0
Coop-UCB2,123,127.41666666666667,2.7863755828834145,3.5833333333333335,0.5892556509887895,2460.0
Coop-UCB2,124,127.5,2.857738033247041,3.5833333333333335,0.5892556509887895,2480.0
Coop-UCB2,125,127.5,2.857738033247041,3.5833333333333335,0.5892556509887895,2500.0
Coop-UCB2,126,127.5,2.857738033247041,3.5833333333333335,0.5892556509887895,2520.0
Coop-UCB2,127,127.58333333333333,2.932102014293197,3.5833333333333335,0.5892556509887895,2540.0
Coop-UCB2,128,127.58333333333333,2.932102014293197,3.5833333333333335,0.5892556509887895,2560.0
Coop-UCB2,129,127.58333333333333,2.932102014293197,3.5833333333333335,0.5892556509887895,2580.0
Coop-UCB2,130,127.58333333333333,2.932102014293197,3.5833333333333335,0.5892556509887895,2600.0
Coop-UCB2,131,127.58333333333333,2.932102014293197,3.5833333333333335,0.5892556509887895,2620.0
Coop-UCB2,132,127.58333333333333,2.932102014293197,3.5833333333333335,0.5892556509887895,2640.0
Coop-UCB2,133,127.58333333333333,2.932102014293197,3.5833333333333335,0.5892556509887895,2660.0
Coop-UCB2,134,127.58333333333333,2.932102014293197,3.5833333333333335,0.5892556509887895,2680.0
Coop-UCB2,135,127.58333333333333,2.932102014293197,3.5833333333333335,0.5892556509887895,2700.0
Coop-UCB2,136,127.58333333333333,2.932102014293197,3.5833333333333335,0.5892556509887895,2720.0
Coop-UCB2,137,127.58333333333333,2.932102014293197,3.5833333333333335,0.5892556509887895,2740.0
Coop-UCB2,138,127.66666666666667,3.009245014211298,3.5833333333333335,0.5892556509887895,2760.0
Coop-UCB2,139,127.75,3.088958832141773,3.5833333333333335,0.5892556509887895,2780.0
Coop-UCB2,140,127.91666666666667,3.2553374974374347,3.5833333333333335,0.5892556509887895,2800.0
Coop-UCB2,141,128.08333333333334,3.4298526045427793,3.5833333333333335,0.5892556509887895,2820.0
Coop-UCB2,142,128.16666666666666,3.519785346990479,3.5833333333333335,0.5892556509887895,2840.0
Coop-UCB2,143,128.33333333333334,3.704351795148811,3.5833333333333335,0.5892556509887895,2860.0
Coop-UCB2,144,128.58333333333334,3.991310004942682,3.5833333333333335,0.5892556509887895,2880.0
Coop-UCB2,145,128.58333333333334,3.991310004942682,3.5833333333333335,0.5892556509887895,2900.0
Coop-UCB2,146,128.83333333333334,4.032851210854287,3.5833333333333335,0.5892556509887895,2920.0
Coop-UCB2,147,128.83333333333334,4.032851210854287,3.5833333333333335,0.5892556509887895,2940.0
Coop-UCB2,148,129.16666666666666,4.134878743351758,3.5833333333333335,0.5892556509887895,2960.0
Coop-UCB2,149,129.16666666666666,4.134878743351758,3.5833333333333335,0.5892556509887895,2980.0
Coop-UCB2,150,129.16666666666666,4.134878743351758,3.5833333333333335,0.5892556509887895,3000.0
Coop-UCB2,151,129.5,4.476792006187765,3.5833333333333335,0.5892556509887895,3020.0
Coop-UCB2,152,129.83333333333334,4.840511910485868,3.5833333333333335,0.5892556509887895,3040.0
Coop-UCB2,153,129.83333333333334,4.840511910485868,3.5833333333333335,0.5892556509887895,3060.0
Coop-UCB2,154,129.83333333333334,4.840511910485868,3.5833333333333335,0.5892556509887895,3080.0
Coop-UCB2,155,130.0,4.877670208887299,3.5833333333333335,0.5892556509887895,3100.0
Coop-UCB2,156,130.5,5.053876400018768,3.5833333333333335,0.5892556509887895,3120.0
Coop-UCB2,157,130.66666666666666,5.132954531478164,3.5833333333333335,0.5892556509887895,3140.0
Coop-UCB2,158,131.0,5.318991132410983,3.5833333333333335,0.5892556509887895,3160.0
Coop-UCB2,159,131.58333333333334,5.723974920358132,3.5833333333333335,0.5892556509887895,3180.0
Coop-UCB2,160,131.58333333333334,5.723974920358132,3.5833333333333335,0.5892556509887895,3200.0
Coop-UCB2,161,131.58333333333334,5.723974920358132,3.5833333333333335,0.5892556509887895,3220.0
Coop-UCB2,162,131.58333333333334,5.723974920358132,3.5833333333333335,0.5892556509887895,3240.0
Coop-UCB2,163,131.58333333333334,5.723974920358132,3.5833333333333335,0.5892556509887895,3260.0
Coop-UCB2,164,131.58333333333334,5.723974920358132,3.5833333333333335,0.5892556509887895,3280.0
Coop-UCB2,165,131.58333333333334,5.723974920358132,3.5833333333333335,0.5892556509887895,3300.0
Coop-UCB2,166,131.58333333333334,5.723974920358132,3.5833333333333335,0.5892556509887895,3320.0
Coop-UCB2,167,131.58333333333334,5.723974920358132,3.5833333333333335,0.5892556509887895,3340.0
Coop-UCB2,168,131.58333333333334,5.723974920358132,3.5833333333333335,0.5892556509887895,3360.0
Coop-UCB2,169,131.58333333333334,5.723974920358132,3.5833333333333335,0.5892556509887895,3380.0
Coop-UCB2,170,131.58333333333334,5.723974920358132,3.5833333333333335,0.5892556509887895,3400.0
Coop-UCB2,171,131.58333333333334,5.723974920358132,3.5833333333333335,0.5892556509887895,3420.0
Coop-UCB2,172,131.58333333333334,5.723974920358132,3.5833333333333335,0.5892556509887895,3440.0
Coop-UCB2,173,131.58333333333334,5.723974920358132,3.5833333333333335,0.5892556509887895,3460.0
Coop-UCB2,174,131.58333333333334,5.723974920358132,3.5833333333333335,0.5892556509887895,3480.0
Coop-UCB2,175,131.58333333333334,5.723974920358132,3.5833333333333335,0.5892556509887895,3500.0
Coop-UCB2,176,131.58333333333334,5.723974920358132,3.5833333333333335,0.5892556509887895,3520.0
Coop-UCB2,177,131.58333333333334,5.723974920358132,3.5833333333333335,0.5892556509887895,3540.0
Coop-UCB2,178,131.83333333333334,5.3709610147740054,3.5833333333333335,0.5892556509887895,3560.0
Coop-UCB2,179,133.08333333333334,3.6074768036522276,3.5833333333333335,0.5892556509887895,3580.0
Coop-UCB2,180,133.08333333333334,3.6074768036522276,3.5833333333333335,0.5892556509887895,3600.0
Coop-UCB2,181,133.41666666666666,3.1380283972937884,3.5833333333333335,0.5892556509887895,3620.0
Coop-UCB2,182,133.41666666666666,3.1380283972937884,3.5833333333333335,0.5892556509887895,3640.0
Coop-UCB2,183,133.41666666666666,3.1380283972937884,3.5833333333333335,0.5892556509887895,3660.0
Coop-UCB2,184,133.41666666666666,3.1380283972937884,3.5833333333333335,0.5892556509887895,3680.0
Coop-UCB2,185,133.41666666666666,3.1380283972937884,3.5833333333333335,0.5892556509887895,3700.0
Coop-UCB2,186,133.41666666666666,3.1380283972937884,3.5833333333333335,0.5892556509887895,3720.0
Coop-UCB2,187,133.58333333333334,2.9035418983640575,3.5833333333333335,0.5892556509887895,3740.0
Coop-UCB2,188,133.75,2.669269563007828,3.5833333333333335,0.5892556509887895,3760.0
Coop-UCB2,189,134.08333333333334,2.889155970559953,3.5833333333333335,0.5892556509887895,3780.0
Coop-UCB2,190,135.75,4.596194077712559,3.9166666666666665,0.11785113019775792,3800.0
Coop-UCB2,191,135.75,4.596194077712559,3.9166666666666665,0.11785113019775792,3820.0
Coop-UCB2,192,135.91666666666666,4.611278444085641,3.9166666666666665,0.11785113019775792,3840.0
Coop-UCB2,193,136.41666666666666,4.727284867894277,3.9166666666666665,0.11785113019775792,3860.0
Coop-UCB2,194,137.08333333333334,5.034602488997738,4.083333333333333,0.31180478223116176,3880.0
Coop-UCB2,195,137.75,5.488624600025037,4.083333333333333,0.31180478223116176,3900.0
Coop-UCB2,196,138.41666666666666,6.056447436868874,4.083333333333333,0.31180478223116176,3920.0
Coop-UCB2,197,139.41666666666666,6.259437319404641,4.25,0.5400617248673217,3940.0
Coop-UCB2,198,141.08333333333334,7.349414186783113,4.416666666666667,0.7728015412913086,3960.0
Coop-UCB2,199,142.91666666666666,8.4516599290054,4.416666666666667,0.7728015412913086,3980.0
Coop-UCB2,200,143.41666666666666,9.111195799064408,4.416666666666667,0.7728015412913086,4000.0
EigenTreeUCB,1,0.0,0.0,0.0,0.0,0.0
EigenTreeUCB,2,7.083333333333333,0.23570226039551584,0.4166666666666667,0.11785113019775792,20.0
EigenTreeUCB,3,7.083333333333333,0.23570226039551584,0.4166666666666667,0.11785113019775792,20.0
EigenTreeUCB,4,7.083333333333333,0.23570226039551584,0.4166666666666667,0.11785113019775792,20.0
EigenTreeUCB,5,7.083333333333333,0.23570226039551584,0.4166666666666667,0.11785113019775792,20.0
EigenTreeUCB,6,7.166666666666667,0.31180478223116176,0.5,0.2041241452319315,21.0
EigenTreeUCB,7,7.166666666666667,0.31180478223116176,0.5,0.2041241452319315,21.0
EigenTreeUCB,8,7.166666666666667,0.31180478223116176,0.5,0.2041241452319315,21.0
EigenTreeUCB,9,8.75,2.48327740429189,0.5,0.2041241452319315,40.0
EigenTreeUCB,10,8.75,2.48327740429189,0.5,0.2041241452319315,40.0
EigenTreeUCB,11,8.75,2.48327740429189,0.5,0.2041241452319315,40.0
EigenTreeUCB,12,8.75,2.48327740429189,0.5,0.2041241452319315,40.0
EigenTreeUCB,13,8.833333333333334,2.6007477557212058,0.5833333333333334,0.31180478223116176,41.0
EigenTreeUCB,14,8.833333333333334,2.6007477557212058,0.5833333333333334,0.31180478223116176,41.0
EigenTreeUCB,15,8.833333333333334,2.6007477557212058,0.5833333333333334,0.31180478223116176,41.0
EigenTreeUCB,16,10.416666666666666,4.8362060428489695,0.5833333333333334,0.31180478223116176,60.0
EigenTreeUCB,17,10.416666666666666,4.8362060428489695,0.5833333333333334,0.31180478223116176,60.0
EigenTreeUCB,18,10.416666666666666,4.8362060428489695,0.5833333333333334,0.31180478223116176,60.0
EigenTreeUCB,19,10.416666666666666,4.8362060428489695,0.5833333333333334,0.31180478223116176,60.0
EigenTreeUCB,20,10.416666666666666,4.8362060428489695,0.5833333333333334,0.31180478223116176,61.0
EigenTreeUCB,21,10.416666666666666,4.8362060428489695,0.5833333333333334,0.31180478223116176,61.0
EigenTreeUCB,22,10.416666666666666,4.8362060428489695,0.5833333333333334,0.31180478223116176,61.0
EigenTreeUCB,23,10.416666666666666,4.8362060428489695,0.5833333333333334,0.31180478223116176,80.0
EigenTreeUCB,24,10.416666666666666,4.8362060428489695,0.5833333333333334,0.31180478223116176,80.0
EigenTreeUCB,25,10.416666666666666,4.8362060428489695,0.5833333333333334,0.31180478223116176,80.0
EigenTreeUCB,26,10.416666666666666,4.8362060428489695,0.5833333333333334,0.31180478223116176,80.0
EigenTreeUCB,27,10.5,4.95395464923395,0.6666666666666666,0.42491829279939874,81.0
EigenTreeUCB,28,10.5,4.95395464923395,0.6666666666666666,0.42491829279939874,81.0
EigenTreeUCB,29,10.5,4.95395464923395,0.6666666666666666,0.42491829279939874,81.0
EigenTreeUCB,30,13.666666666666666,6.436657172442506,0.6666666666666666,0.42491829279939874,100.0
EigenTreeUCB,31,13.666666666666666,6.436657172442506,0.6666666666666666,0.42491829279939874,100.0
EigenTreeUCB,32,13.666666666666666,6.436657172442506,0.6666666666666666,0.42491829279939874,100.0
EigenTreeUCB,33,13.666666666666666,6.436657172442506,0.6666666666666666,0.42491829279939874,100.0
EigenTreeUCB,34,13.666666666666666,6.436657172442506,0.6666666666666666,0.42491829279939874,101.0
EigenTreeUCB,35,13.666666666666666,6.436657172442506,0.6666666666666666,0.42491829279939874,101.0
EigenTreeUCB,36,13.666666666666666,6.436657172442506,0.6666666666666666,0.42491829279939874,101.0
EigenTreeUCB,37,13.666666666666666,6.436657172442506,0.6666666666666666,0.42491829279939874,120.0
EigenTreeUCB,38,13.666666666666666,6.436657172442506,0.6666666666666666,0.42491829279939874,120.0
EigenTreeUCB,39,13.666666666666666,6.436657172442506,0.6666666666666666,0.42491829279939874,120.0
EigenTreeUCB,40,13.666666666666666,6.436657172442506,0.6666666666666666,0.42491829279939874,120.0
EigenTreeUCB,41,13.666666666666666,6.436657172442506,0.6666666666666666,0.42491829279939874,121.0
EigenTreeUCB,42,13.666666666666666,6.436657172442506,0.6666666666666666,0.42491829279939874,121.0
EigenTreeUCB,43,13.666666666666666,6.436657172442506,0.6666666666666666,0.42491829279939874,121.0
EigenTreeUCB,44,15.25,4.95395464923395,0.6666666666666666,0.42491829279939874,140.0
EigenTreeUCB,45,15.25,4.95395464923395,0.6666666666666666,0.42491829279939874,140.0
EigenTreeUCB,46,15.25,4.95395464923395,0.6666666666666666,0.42491829279939874,140.0
EigenTreeUCB,47,15.25,4.95395464923395,0.6666666666666666,0.42491829279939874,140.0
EigenTreeUCB,48,15.25,4.95395464923395,0.6666666666666666,0.42491829279939874,141.0
EigenTreeUCB,49,15.25,4.95395464923395,0.6666666666666666,0.42491829279939874,141.0
EigenTreeUCB,50,15.25,4.95395464923395,0.6666666666666666,0.42491829279939874,141.0
EigenTreeUCB,51,15.25,4.95395464923395,0.6666666666666666,0.42491829279939874,160.0
EigenTreeUCB,52,15.25,4.95395464923395,0.6666666666666666,0.42491829279939874,160.0
EigenTreeUCB,53,15.25,4.95395464923395,0.6666666666666666,0.42491829279939874,160.0
EigenTreeUCB,54,15.25,4.95395464923395,0.6666666666666666,0.42491829279939874,160.0
EigenTreeUCB,55,15.25,4.95395464923395,0.6666666666666666,0.42491829279939874,161.0
EigenTreeUCB,56,15.25,4.95395464923395,0.6666666666666666,0.42491829279939874,161.0
EigenTreeUCB,57,15.25,4.95395464923395,0.6666666666666666,0.42491829279939874,161.0
EigenTreeUCB,58,15.25,4.95395464923395,0.6666666666666666,0.42491829279939874,180.0
EigenTreeUCB,59,15.25,4.95395464923395,0.6666666666666666,0.42491829279939874,180.0
EigenTreeUCB,60,15.25,4.95395464923395,0.6666666666666666,0.42491829279939874,180.0
EigenTreeUCB,61,15.25,4.95395464923395,0.6666666666666666,0.42491829279939874,180.0
EigenTreeUCB,62,15.25,4.95395464923395,0.6666666666666666,0.42491829279939874,181.0
EigenTreeUCB,63,15.25,4.95395464923395,0.6666666666666666,0.42491829279939874,181.0
EigenTreeUCB,64,15.25,4.95395464923395,0.6666666666666666,0.42491829279939874,181.0
EigenTreeUCB,65,15.25,4.95395464923395,0.6666666666666666,0.42491829279939874,200.0
EigenTreeUCB,66,15.25,4.95395464923395,0.6666666666666666,0.42491829279939874,200.0
EigenTreeUCB,67,15.25,4.95395464923395,0.6666666666666666,0.42491829279939874,200.0
EigenTreeUCB,68,15.25,4.95395464923395,0.6666666666666666,0.42491829279939874,200.0
EigenTreeUCB,69,15.25,4.95395464923395,0.6666666666666666,0.42491829279939874,201.0
EigenTreeUCB,70,15.25,4.95395464923395,0.6666666666666666,0.42491829279939874,201.0
EigenTreeUCB,71,15.25,4.95395464923395,0.6666666666666666,0.42491829279939874,201.0
EigenTreeUCB,72,15.25,4.95395464923395,0.6666666666666666,0.42491829279939874,220.0
EigenTreeUCB,73,15.25,4.95395464923395,0.6666666666666666,0.42491829279939874,220.0
EigenTreeUCB,74,15.25,4.95395464923395,0.6666666666666666,0.42491829279939874,220.0
EigenTreeUCB,75,15.25,4.95395464923395,0.6666666666666666,0.42491829279939874,220.0
EigenTreeUCB,76,15.333333333333334,4.891886707146391,0.75,0.3535533905932738,221.0
EigenTreeUCB,77,15.333333333333334,4.891886707146391,0.75,0.3535533905932738,221.0
EigenTreeUCB,78,15.333333333333334,4.891886707146391,0.75,0.3535533905932738,221.0
EigenTreeUCB,79,16.916666666666668,4.194904316217739,0.75,0.3535533905932738,240.0
EigenTreeUCB,80,16.916666666666668,4.194904316217739,0.75,0.3535533905932738,240.0
EigenTreeUCB,81,16.916666666666668,4.194904316217739,0.75,0.3535533905932738,240.0
EigenTreeUCB,82,16.916666666666668,4.194904316217739,0.75,0.3535533905932738,240.0
EigenTreeUCB,83,16.916666666666668,4.194904316217739,0.75,0.3535533905932738,241.0
EigenTreeUCB,84,16.916666666666668,4.194904316217739,0.75,0.3535533905932738,241.0
EigenTreeUCB,85,16.916666666666668,4.194904316217739,0.75,0.3535533905932738,241.0
EigenTreeUCB,86,16.916666666666668,4.194904316217739,0.75,0.3535533905932738,260.0
EigenTreeUCB,87,16.916666666666668,4.194904316217739,0.75,0.3535533905932738,260.0
EigenTreeUCB,88,16.916666666666668,4.194904316217739,0.75,0.3535533905932738,260.0
EigenTreeUCB,89,16.916666666666668,4.194904316217739,0.75,0.3535533905932738,260.0
EigenTreeUCB,90,16.916666666666668,4.194904316217739,0.75,0.3535533905932738,261.0
EigenTreeUCB,91,16.916666666666668,4.194904316217739,0.75,0.3535533905932738,261.0
EigenTreeUCB,92,16.916666666666668,4.194904316217739,0.75,0.3535533905932738,261.0
EigenTreeUCB,93,16.916666666666668,4.194904316217739,0.75,0.3535533905932738,280.0
EigenTreeUCB,94,16.916666666666668,4.194904316217739,0.75,0.3535533905932738,280.0
EigenTreeUCB,95,16.916666666666668,4.194904316217739,0.75,0.3535533905932738,280.0
EigenTreeUCB,96,16.916666666666668,4.194904316217739,0.75,0.3535533905932738,280.0
EigenTreeUCB,97,17.0,4.301162633521313,0.8333333333333334,0.4714045207910317,281.0
EigenTreeUCB,98,17.0,4.301162633521313,0.8333333333333334,0.4714045207910317,281.0
EigenTreeUCB,99,17.0,4.301162633521313,0.8333333333333334,0.4714045207910317,281.0
EigenTreeUCB,100,17.0,4.301162633521313,0.8333333333333334,0.4714045207910317,300.0
EigenTreeUCB,101,17.0,4.301162633521313,0.8333333333333334,0.4714045207910317,300.0
EigenTreeUCB,102,17.0,4.301162633521313,0.8333333333333334,0.4714045207910317,300.0
EigenTreeUCB,103,17.0,4.301162633521313,0.8333333333333334,0.4714045207910317,300.0
EigenTreeUCB,104,17.0,4.301162633521313,0.8333333333333334,0.4714045207910317,301.0
EigenTreeUCB,105,17.0,4.301162633521313,0.8333333333333334,0.4714045207910317,301.0
EigenTreeUCB,106,17.0,4.301162633521313,0.8333333333333334,0.4714045207910317,301.0
EigenTreeUCB,107,17.0,4.301162633521313,0.8333333333333334,0.4714045207910317,320.0
EigenTreeUCB,108,17.0,4.301162633521313,0.8333333333333334,0.4714045207910317,320.0
EigenTreeUCB,109,17.0,4.301162633521313,0.8333333333333334,0.4714045207910317,320.0
EigenTreeUCB,110,17.0,4.301162633521313,0.8333333333333334,0.4714045207910317,320.0
EigenTreeUCB,111,17.0,4.301162633521313,0.8333333333333334,0.4714045207910317,321.0
EigenTreeUCB,112,17.0,4.301162633521313,0.8333333333333334,0.4714045207910317,321.0
EigenTreeUCB,113,17.0,4.301162633521313,0.8333333333333334,0.4714045207910317,321.0
EigenTreeUCB,114,17.0,4.301162633521313,0.8333333333333334,0.4714045207910317,340.0
EigenTreeUCB,115,17.0,4.301162633521313,0.8333333333333334,0.4714045207910317,340.0
EigenTreeUCB,116,17.0,4.301162633521313,0.8333333333333334,0.4714045207910317,340.0
EigenTreeUCB,117,17.0,4.301162633521313,0.8333333333333334,0.4714045207910317,340.0
EigenTreeUCB,118,17.083333333333332,4.408010385146064,0.9166666666666666,0.5892556509887896,341.0
EigenTreeUCB,119,17.083333333333332,4.408010385146064,0.9166666666666666,0.5892556509887896,341.0
EigenTreeUCB,120,17.083333333333332,4.408010385146064,0.9166666666666666,0.5892556509887896,341.0
EigenTreeUCB,121,17.083333333333332,4.408010385146064,0.9166666666666666,0.5892556509887896,360.0
EigenTreeUCB,122,17.083333333333332,4.408010385146064,0.9166666666666666,0.5892556509887896,360.0
EigenTreeUCB,123,17.083333333333332,4.408010385146064,0.9166666666666666,0.5892556509887896,360.0
EigenTreeUCB,124,17.083333333333332,4.408010385146064,0.9166666666666666,0.5892556509887896,360.0
EigenTreeUCB,125,17.083333333333332,4.408010385146064,0.9166666666666666,0.5892556509887896,361.0
EigenTreeUCB,126,17.083333333333332,4.408010385146064,0.9166666666666666,0.5892556509887896,361.0
EigenTreeUCB,127,17.083333333333332,4.408010385146064,0.9166666666666666,0.5892556509887896,361.0
EigenTreeUCB,128,17.083333333333332,4.408010385146064,0.9166666666666666,0.5892556509887896,380.0
EigenTreeUCB,129,17.083333333333332,4.408010385146064,0.9166666666666666,0.5892556509887896,380.0
EigenTreeUCB,130,17.083333333333332,4.408010385146064,0.9166666666666666,0.5892556509887896,380.0
EigenTreeUCB,131,17.083333333333332,4.408010385146064,0.9166666666666666,0.5892556509887896,380.0
EigenTreeUCB,132,17.083333333333332,4.408010385146064,0.9166666666666666,0.5892556509887896,381.0
EigenTreeUCB,133,17.083333333333332,4.408010385146064,0.9166666666666666,0.5892556509887896,381.0
EigenTreeUCB,134,17.083333333333332,4.408010385146064,0.9166666666666666,0.5892556509887896,381.0
EigenTreeUCB,135,20.25,2.7003086243366083,0.9166666666666666,0.5892556509887896,400.0
EigenTreeUCB,136,20.25,2.7003086243366083,0.9166666666666666,0.5892556509887896,400.0
EigenTreeUCB,137,20.25,2.7003086243366083,0.9166666666666666,0.5892556509887896,400.0
EigenTreeUCB,138,20.25,2.7003086243366083,0.9166666666666666,0.5892556509887896,400.0
EigenTreeUCB,139,20.25,2.7003086243366083,0.9166666666666666,0.5892556509887896,401.0
EigenTreeUCB,140,20.25,2.7003086243366083,0.9166666666666666,0.5892556509887896,401.0
EigenTreeUCB,141,20.25,2.7003086243366083,0.9166666666666666,0.5892556509887896,401.0
EigenTreeUCB,142,20.25,2.7003086243366083,0.9166666666666666,0.5892556509887896,420.0
EigenTreeUCB,143,20.25,2.7003086243366083,0.9166666666666666,0.5892556509887896,420.0
EigenTreeUCB,144,20.25,2.7003086243366083,0.9166666666666666,0.5892556509887896,420.0
EigenTreeUCB,145,20.25,2.7003086243366083,0.9166666666666666,0.5892556509887896,420.0
EigenTreeUCB,146,20.25,2.7003086243366083,0.9166666666666666,0.5892556509887896,421.0
EigenTreeUCB,147,20.25,2.7003086243366083,0.9166666666666666,0.5892556509887896,421.0
EigenTreeUCB,148,20.25,2.7003086243366083,0.9166666666666666,0.5892556509887896,421.0
EigenTreeUCB,149,20.25,2.7003086243366083,0.9166666666666666,0.5892556509887896,440.0
EigenTreeUCB,150,20.25,2.7003086243366083,0.9166666666666666,0.5892556509887896,440.0
EigenTreeUCB,151,20.25,2.7003086243366083,0.9166666666666666,0.5892556509887896,440.0
EigenTreeUCB,152,20.25,2.7003086243366083,0.9166666666666666,0.5892556509887896,440.0
EigenTreeUCB,153,20.5,2.3540744819709225,1.1666666666666667,0.5137011669140814,441.0
EigenTreeUCB,154,20.5,2.3540744819709225,1.1666666666666667,0.5137011669140814,441.0
EigenTreeUCB,155,20.5,2.3540744819709225,1.1666666666666667,0.5137011669140814,441.0
EigenTreeUCB,156,25.25,4.448782605013046,1.1666666666666667,0.5137011669140814,460.0
EigenTreeUCB,157,25.25,4.448782605013046,1.1666666666666667,0.5137011669140814,460.0
EigenTreeUCB,158,25.25,4.448782605013046,1.1666666666666667,0.5137011669140814,460.0
EigenTreeUCB,159,25.25,4.448782605013046,1.1666666666666667,0.5137011669140814,460.0
EigenTreeUCB,160,25.25,4.448782605013046,1.1666666666666667,0.5137011669140814,461.0
EigenTreeUCB,161,25.25,4.448782605013046,1.1666666666666667,0.5137011669140814,461.0
EigenTreeUCB,162,25.25,4.448782605013046,1.1666666666666667,0.5137011669140814,461.0
EigenTreeUCB,163,25.25,4.448782605013046,1.1666666666666667,0.5137011669140814,480.0
EigenTreeUCB,164,25.25,4.448782605013046,1.1666666666666667,0.5137011669140814,480.0
EigenTreeUCB,165,25.25,4.448782605013046,1.1666666666666667,0.5137011669140814,480.0
EigenTreeUCB,166,25.25,4.448782605013046,1.1666666666666667,0.5137011669140814,480.0
EigenTreeUCB,167,25.25,4.448782605013046,1.1666666666666667,0.5137011669140814,481.0
EigenTreeUCB,168,25.25,4.448782605013046,1.1666666666666667,0.5137011669140814,481.0
EigenTreeUCB,169,25.25,4.448782605013046,1.1666666666666667,0.5137011669140814,481.0
EigenTreeUCB,170,25.25,4.448782605013046,1.1666666666666667,0.5137011669140814,500.0
EigenTreeUCB,171,25.25,4.448782605013046,1.1666666666666667,0.5137011669140814,500.0
EigenTreeUCB,172,25.25,4.448782605013046,1.1666666666666667,0.5137011669140814,500.0
EigenTreeUCB,173,25.25,4.448782605013046,1.1666666666666667,0.5137011669140814,500.0
EigenTreeUCB,174,25.333333333333332,4.403281604540969,1.25,0.6123724356957945,501.0
EigenTreeUCB,175,25.333333333333332,4.403281604540969,1.25,0.6123724356957945,501.0
EigenTreeUCB,176,25.333333333333332,4.403281604540969,1.25,0.6123724356957945,501.0
EigenTreeUCB,177,26.916666666666668,4.124789556921527,1.25,0.6123724356957945,520.0
EigenTreeUCB,178,26.916666666666668,4.124789556921527,1.25,0.6123724356957945,520.0
EigenTreeUCB,179,26.916666666666668,4.124789556921527,1.25,0.6123724356957945,520.0
EigenTreeUCB,180,26.916666666666668,4.124789556921527,1.25,0.6123724356957945,520.0
EigenTreeUCB,181,26.916666666666668,4.124789556921527,1.25,0.6123724356957945,521.0
EigenTreeUCB,182,26.916666666666668,4.124789556921527,1.25,0.6123724356957945,521.0
EigenTreeUCB,183,26.916666666666668,4.124789556921527,1.25,0.6123724356957945,521.0
EigenTreeUCB,184,26.916666666666668,4.124789556921527,1.25,0.6123724356957945,540.0
EigenTreeUCB,185,26.916666666666668,4.124789556921527,1.25,0.6123724356957945,540.0
EigenTreeUCB,186,26.916666666666668,4.124789556921527,1.25,0.6123724356957945,540.0
EigenTreeUCB,187,26.916666666666668,4.124789556921527,1.25,0.6123724356957945,540.0
EigenTreeUCB,188,27.0,4.218016911614588,1.3333333333333333,0.6236095644623235,541.0
EigenTreeUCB,189,27.0,4.218016911614588,1.3333333333333333,0.6236095644623235,541.0
EigenTreeUCB,190,27.0,4.218016911614588,1.3333333333333333,0.6236095644623235,541.0
EigenTreeUCB,191,27.0,4.218016911614588,1.3333333333333333,0.6236095644623235,560.0
EigenTreeUCB,192,27.0,4.218016911614588,1.3333333333333333,0.6236095644623235,560.0
EigenTreeUCB,193,27.0,4.218016911614588,1.3333333333333333,0.6236095644623235,560.0
EigenTreeUCB,194,27.0,4.218016911614588,1.3333333333333333,0.6236095644623235,560.0
EigenTreeUCB,195,27.0,4.218016911614588,1.3333333333333333,0.6236095644623235,561.0
EigenTreeUCB,196,27.0,4.218016911614588,1.3333333333333333,0.6236095644623235,561.0
EigenTreeUCB,197,27.0,4.218016911614588,1.3333333333333333,0.6236095644623235,561.0
EigenTreeUCB,198,27.0,4.218016911614588,1.3333333333333333,0.6236095644623235,580.0
EigenTreeUCB,199,27.0,4.218016911614588,1.3333333333333333,0.6236095644623235,580.0
EigenTreeUCB,200,27.0,4.218016911614588,1.3333333333333333,0.6236095644623235,580.0
